path,url,inboundLinks,appPath
/about,https://www.mothebroker.com/about,1,app\about\page.tsx
/about-mo-abdel-orange-county-mortgage-broker,https://www.mothebroker.com/about-mo-abdel-orange-county-mortgage-broker,1,app\about-mo-abdel-orange-county-mortgage-broker\page.tsx
/areas/anaheim-mortgage-rates,https://www.mothebroker.com/areas/anaheim-mortgage-rates,1,app\areas\anaheim-mortgage-rates\page.tsx
/areas/dana-point-mortgage-broker,https://www.mothebroker.com/areas/dana-point-mortgage-broker,1,app\areas\dana-point-mortgage-broker\page.tsx
/areas/fountain-valley-mortgage-broker,https://www.mothebroker.com/areas/fountain-valley-mortgage-broker,1,app\areas\fountain-valley-mortgage-broker\page.tsx
/areas/fountain-valley-mortgage-rates,https://www.mothebroker.com/areas/fountain-valley-mortgage-rates,1,app\areas\fountain-valley-mortgage-rates\page.tsx
/areas/fullerton-mortgage-broker,https://www.mothebroker.com/areas/fullerton-mortgage-broker,1,app\areas\fullerton-mortgage-broker\page.tsx
/areas/garden-grove-mortgage-broker,https://www.mothebroker.com/areas/garden-grove-mortgage-broker,1,app\areas\garden-grove-mortgage-broker\page.tsx
/areas/garden-grove-mortgage-rates,https://www.mothebroker.com/areas/garden-grove-mortgage-rates,1,app\areas\garden-grove-mortgage-rates\page.tsx
/areas/irvine-mortgage-rates,https://www.mothebroker.com/areas/irvine-mortgage-rates,1,app\areas\irvine-mortgage-rates\page.tsx
/areas/irvine-neighborhoods/northwood-mortgage-broker,https://www.mothebroker.com/areas/irvine-neighborhoods/northwood-mortgage-broker,1,app\areas\irvine-neighborhoods\northwood-mortgage-broker\page.tsx
/areas/irvine-neighborhoods/quail-hill-mortgage-broker,https://www.mothebroker.com/areas/irvine-neighborhoods/quail-hill-mortgage-broker,1,app\areas\irvine-neighborhoods\quail-hill-mortgage-broker\page.tsx
/areas/irvine-neighborhoods/woodbridge-mortgage-broker,https://www.mothebroker.com/areas/irvine-neighborhoods/woodbridge-mortgage-broker,1,app\areas\irvine-neighborhoods\woodbridge-mortgage-broker\page.tsx
/areas/laguna-beach-mortgage-broker,https://www.mothebroker.com/areas/laguna-beach-mortgage-broker,1,app\areas\laguna-beach-mortgage-broker\page.tsx
/areas/laguna-niguel-mortgage-broker,https://www.mothebroker.com/areas/laguna-niguel-mortgage-broker,1,app\areas\laguna-niguel-mortgage-broker\page.tsx
/areas/laguna-niguel-mortgage-rates,https://www.mothebroker.com/areas/laguna-niguel-mortgage-rates,1,app\areas\laguna-niguel-mortgage-rates\page.tsx
/areas/laguna-woods-mortgage-broker,https://www.mothebroker.com/areas/laguna-woods-mortgage-broker,1,app\areas\laguna-woods-mortgage-broker\page.tsx
/areas/mission-viejo,https://www.mothebroker.com/areas/mission-viejo,1,app\areas\mission-viejo\page.tsx
/areas/newport-beach-neighborhoods/balboa-island-mortgage-broker,https://www.mothebroker.com/areas/newport-beach-neighborhoods/balboa-island-mortgage-broker,1,app\areas\newport-beach-neighborhoods\balboa-island-mortgage-broker\page.tsx
/areas/newport-beach-neighborhoods/corona-del-mar-mortgage-broker,https://www.mothebroker.com/areas/newport-beach-neighborhoods/corona-del-mar-mortgage-broker,1,app\areas\newport-beach-neighborhoods\corona-del-mar-mortgage-broker\page.tsx
/areas/newport-beach-neighborhoods/lido-isle-mortgage-broker,https://www.mothebroker.com/areas/newport-beach-neighborhoods/lido-isle-mortgage-broker,1,app\areas\newport-beach-neighborhoods\lido-isle-mortgage-broker\page.tsx
/areas/newport-beach-neighborhoods/newport-coast-mortgage-broker,https://www.mothebroker.com/areas/newport-beach-neighborhoods/newport-coast-mortgage-broker,1,app\areas\newport-beach-neighborhoods\newport-coast-mortgage-broker\page.tsx
/areas/orange-mortgage-broker,https://www.mothebroker.com/areas/orange-mortgage-broker,1,app\areas\orange-mortgage-broker\page.tsx
/areas/santa-ana-mortgage-rates,https://www.mothebroker.com/areas/santa-ana-mortgage-rates,1,app\areas\santa-ana-mortgage-rates\page.tsx
/areas/santa-ana-refinance-rates,https://www.mothebroker.com/areas/santa-ana-refinance-rates,1,app\areas\santa-ana-refinance-rates\page.tsx
/areas/westminster-mortgage-broker,https://www.mothebroker.com/areas/westminster-mortgage-broker,1,app\areas\westminster-mortgage-broker\page.tsx
/areas/yorba-linda-mortgage-broker,https://www.mothebroker.com/areas/yorba-linda-mortgage-broker,1,app\areas\yorba-linda-mortgage-broker\page.tsx
/areas/yorba-linda-mortgage-rates,https://www.mothebroker.com/areas/yorba-linda-mortgage-rates,1,app\areas\yorba-linda-mortgage-rates\page.tsx
/blog/aliso-viejo-mortgage-guide-2026,https://www.mothebroker.com/blog/aliso-viejo-mortgage-guide-2026,1,app\blog\aliso-viejo-mortgage-guide-2026\page.tsx
/blog/bank-statement-loans-wholesale-complete-2026,https://www.mothebroker.com/blog/bank-statement-loans-wholesale-complete-2026,1,app\blog\bank-statement-loans-wholesale-complete-2026\page.tsx
/blog/calabasas-cash-out-refinance-2026,https://www.mothebroker.com/blog/calabasas-cash-out-refinance-2026,1,app\blog\calabasas-cash-out-refinance-2026\page.tsx
/blog/cash-out-vs-regular-refinance-2026,https://www.mothebroker.com/blog/cash-out-vs-regular-refinance-2026,1,app\blog\cash-out-vs-regular-refinance-2026\page.tsx
/blog/cash-out-vs-regular-refinance-complete-2026,https://www.mothebroker.com/blog/cash-out-vs-regular-refinance-complete-2026,1,app\blog\cash-out-vs-regular-refinance-complete-2026\page.tsx
/blog/conventional-loans-complete-guide-2026,https://www.mothebroker.com/blog/conventional-loans-complete-guide-2026,1,app\blog\conventional-loans-complete-guide-2026\page.tsx
/blog/corona-del-mar-refinance-guide-2026,https://www.mothebroker.com/blog/corona-del-mar-refinance-guide-2026,1,app\blog\corona-del-mar-refinance-guide-2026\page.tsx
/blog/coto-de-caza-mortgage-guide-2026,https://www.mothebroker.com/blog/coto-de-caza-mortgage-guide-2026,1,app\blog\coto-de-caza-mortgage-guide-2026\page.tsx
/blog/dana-point-mortgage-guide-2026,https://www.mothebroker.com/blog/dana-point-mortgage-guide-2026,1,app\blog\dana-point-mortgage-guide-2026\page.tsx
/blog/home-equity-calabasas-2026,https://www.mothebroker.com/blog/home-equity-calabasas-2026,1,app\blog\home-equity-calabasas-2026\page.tsx
/blog/home-equity-coronado-2026,https://www.mothebroker.com/blog/home-equity-coronado-2026,1,app\blog\home-equity-coronado-2026\page.tsx
/blog/home-equity-for-renovations-2026,https://www.mothebroker.com/blog/home-equity-for-renovations-2026,1,app\blog\home-equity-for-renovations-2026\page.tsx
/blog/home-equity-guide,https://www.mothebroker.com/blog/home-equity-guide,1,app\blog\home-equity-guide\page.tsx
/blog/home-equity-manhattan-beach-2026,https://www.mothebroker.com/blog/home-equity-manhattan-beach-2026,1,app\blog\home-equity-manhattan-beach-2026\page.tsx
/blog/home-equity-palos-verdes-2026,https://www.mothebroker.com/blog/home-equity-palos-verdes-2026,1,app\blog\home-equity-palos-verdes-2026\page.tsx
/blog/home-equity-rancho-santa-fe-2026,https://www.mothebroker.com/blog/home-equity-rancho-santa-fe-2026,1,app\blog\home-equity-rancho-santa-fe-2026\page.tsx
/blog/home-equity-refinancing-complete-pillar-2026,https://www.mothebroker.com/blog/home-equity-refinancing-complete-pillar-2026,1,app\blog\home-equity-refinancing-complete-pillar-2026\page.tsx
/blog/huntington-beach-refinance-guide-2026,https://www.mothebroker.com/blog/huntington-beach-refinance-guide-2026,1,app\blog\huntington-beach-refinance-guide-2026\page.tsx
/blog/investment-property-cash-out-refinance-2026,https://www.mothebroker.com/blog/investment-property-cash-out-refinance-2026,1,app\blog\investment-property-cash-out-refinance-2026\page.tsx
/blog/ladera-ranch-mortgage-guide-2026,https://www.mothebroker.com/blog/ladera-ranch-mortgage-guide-2026,1,app\blog\ladera-ranch-mortgage-guide-2026\page.tsx
/blog/laguna-beach-mortgage-guide-2026,https://www.mothebroker.com/blog/laguna-beach-mortgage-guide-2026,1,app\blog\laguna-beach-mortgage-guide-2026\page.tsx
/blog/laguna-niguel-refinance-guide-2026,https://www.mothebroker.com/blog/laguna-niguel-refinance-guide-2026,1,app\blog\laguna-niguel-refinance-guide-2026\page.tsx
/blog/manhattan-beach-cash-out-refinance-2026,https://www.mothebroker.com/blog/manhattan-beach-cash-out-refinance-2026,1,app\blog\manhattan-beach-cash-out-refinance-2026\page.tsx
/blog/newport-coast-mortgage-guide-2026,https://www.mothebroker.com/blog/newport-coast-mortgage-guide-2026,1,app\blog\newport-coast-mortgage-guide-2026\page.tsx
/blog/palos-verdes-cash-out-refinance-2026,https://www.mothebroker.com/blog/palos-verdes-cash-out-refinance-2026,1,app\blog\palos-verdes-cash-out-refinance-2026\page.tsx
/blog/reverse-mortgage-calabasas-2026,https://www.mothebroker.com/blog/reverse-mortgage-calabasas-2026,1,app\blog\reverse-mortgage-calabasas-2026\page.tsx
/blog/reverse-mortgage-california-washington-pillar-2026,https://www.mothebroker.com/blog/reverse-mortgage-california-washington-pillar-2026,1,app\blog\reverse-mortgage-california-washington-pillar-2026\page.tsx
/blog/reverse-mortgage-carlsbad-2026,https://www.mothebroker.com/blog/reverse-mortgage-carlsbad-2026,1,app\blog\reverse-mortgage-carlsbad-2026\page.tsx
/blog/reverse-mortgage-coronado-2026,https://www.mothebroker.com/blog/reverse-mortgage-coronado-2026,1,app\blog\reverse-mortgage-coronado-2026\page.tsx
/blog/reverse-mortgage-manhattan-beach-2026,https://www.mothebroker.com/blog/reverse-mortgage-manhattan-beach-2026,1,app\blog\reverse-mortgage-manhattan-beach-2026\page.tsx
/blog/reverse-mortgage-palos-verdes-2026,https://www.mothebroker.com/blog/reverse-mortgage-palos-verdes-2026,1,app\blog\reverse-mortgage-palos-verdes-2026\page.tsx
/blog/reverse-mortgage-rancho-santa-fe-2026,https://www.mothebroker.com/blog/reverse-mortgage-rancho-santa-fe-2026,1,app\blog\reverse-mortgage-rancho-santa-fe-2026\page.tsx
/blog/san-clemente-mortgage-guide-2026,https://www.mothebroker.com/blog/san-clemente-mortgage-guide-2026,1,app\blog\san-clemente-mortgage-guide-2026\page.tsx
/blog/second-mortgage-explained-2026,https://www.mothebroker.com/blog/second-mortgage-explained-2026,1,app\blog\second-mortgage-explained-2026\page.tsx
/blog/strategic-refinancing-home-equity-2026,https://www.mothebroker.com/blog/strategic-refinancing-home-equity-2026,1,app\blog\strategic-refinancing-home-equity-2026\page.tsx
/blog/va-loan-benefits-guide-2026,https://www.mothebroker.com/blog/va-loan-benefits-guide-2026,1,app\blog\va-loan-benefits-guide-2026\page.tsx
/blog/what-is-reverse-mortgage,https://www.mothebroker.com/blog/what-is-reverse-mortgage,1,app\blog\what-is-reverse-mortgage\page.tsx
/blog/what-is-reverse-mortgage-complete-guide-2026,https://www.mothebroker.com/blog/what-is-reverse-mortgage-complete-guide-2026,1,app\blog\what-is-reverse-mortgage-complete-guide-2026\page.tsx
/blog/when-not-to-get-reverse-mortgage-2026,https://www.mothebroker.com/blog/when-not-to-get-reverse-mortgage-2026,1,app\blog\when-not-to-get-reverse-mortgage-2026\page.tsx
/blog/wholesale-mortgage-92603-irvine-turtle-rock-2026,https://www.mothebroker.com/blog/wholesale-mortgage-92603-irvine-turtle-rock-2026,1,app\blog\wholesale-mortgage-92603-irvine-turtle-rock-2026\page.tsx
/blog/wholesale-mortgage-92625-corona-del-mar-2026,https://www.mothebroker.com/blog/wholesale-mortgage-92625-corona-del-mar-2026,1,app\blog\wholesale-mortgage-92625-corona-del-mar-2026\page.tsx
/blog/wholesale-mortgage-92629-dana-point-2026,https://www.mothebroker.com/blog/wholesale-mortgage-92629-dana-point-2026,1,app\blog\wholesale-mortgage-92629-dana-point-2026\page.tsx
/blog/wholesale-mortgage-92651-laguna-beach-2026,https://www.mothebroker.com/blog/wholesale-mortgage-92651-laguna-beach-2026,1,app\blog\wholesale-mortgage-92651-laguna-beach-2026\page.tsx
/blog/wholesale-mortgage-92657-newport-coast-2026,https://www.mothebroker.com/blog/wholesale-mortgage-92657-newport-coast-2026,1,app\blog\wholesale-mortgage-92657-newport-coast-2026\page.tsx
/blog/wholesale-mortgage-92660-newport-harbor-2026,https://www.mothebroker.com/blog/wholesale-mortgage-92660-newport-harbor-2026,1,app\blog\wholesale-mortgage-92660-newport-harbor-2026\page.tsx
/blog/wholesale-mortgage-92661-newport-beach-2026,https://www.mothebroker.com/blog/wholesale-mortgage-92661-newport-beach-2026,1,app\blog\wholesale-mortgage-92661-newport-beach-2026\page.tsx
/blog/wholesale-mortgage-92662-balboa-island-2026,https://www.mothebroker.com/blog/wholesale-mortgage-92662-balboa-island-2026,1,app\blog\wholesale-mortgage-92662-balboa-island-2026\page.tsx
/blog/wholesale-mortgage-92663-newport-peninsula-2026,https://www.mothebroker.com/blog/wholesale-mortgage-92663-newport-peninsula-2026,1,app\blog\wholesale-mortgage-92663-newport-peninsula-2026\page.tsx
/blog/wholesale-mortgage-92679-coto-de-caza-2026,https://www.mothebroker.com/blog/wholesale-mortgage-92679-coto-de-caza-2026,1,app\blog\wholesale-mortgage-92679-coto-de-caza-2026\page.tsx
/blog/wholesale-mortgage-broker-92620,https://www.mothebroker.com/blog/wholesale-mortgage-broker-92620,1,app\blog\wholesale-mortgage-broker-92620\page.tsx
/blog/wholesale-mortgage-broker-92675,https://www.mothebroker.com/blog/wholesale-mortgage-broker-92675,1,app\blog\wholesale-mortgage-broker-92675\page.tsx
/blog/wholesale-mortgage-broker-92679,https://www.mothebroker.com/blog/wholesale-mortgage-broker-92679,1,app\blog\wholesale-mortgage-broker-92679\page.tsx
/blog/wholesale-mortgage-broker-anaheim-2026,https://www.mothebroker.com/blog/wholesale-mortgage-broker-anaheim-2026,1,app\blog\wholesale-mortgage-broker-anaheim-2026\page.tsx
/blog/wholesale-mortgage-broker-california,https://www.mothebroker.com/blog/wholesale-mortgage-broker-california,1,app\blog\wholesale-mortgage-broker-california\page.tsx
/blog/wholesale-mortgage-broker-costa-mesa-2026,https://www.mothebroker.com/blog/wholesale-mortgage-broker-costa-mesa-2026,1,app\blog\wholesale-mortgage-broker-costa-mesa-2026\page.tsx
/blog/wholesale-mortgage-broker-dana-point-2026,https://www.mothebroker.com/blog/wholesale-mortgage-broker-dana-point-2026,1,app\blog\wholesale-mortgage-broker-dana-point-2026\page.tsx
/blog/wholesale-mortgage-broker-garden-grove-2026,https://www.mothebroker.com/blog/wholesale-mortgage-broker-garden-grove-2026,1,app\blog\wholesale-mortgage-broker-garden-grove-2026\page.tsx
/blog/wholesale-mortgage-broker-huntington-beach-2026,https://www.mothebroker.com/blog/wholesale-mortgage-broker-huntington-beach-2026,1,app\blog\wholesale-mortgage-broker-huntington-beach-2026\page.tsx
/blog/wholesale-mortgage-broker-santa-ana-2026,https://www.mothebroker.com/blog/wholesale-mortgage-broker-santa-ana-2026,1,app\blog\wholesale-mortgage-broker-santa-ana-2026\page.tsx
/blog/wholesale-mortgage-broker-tustin-2026,https://www.mothebroker.com/blog/wholesale-mortgage-broker-tustin-2026,1,app\blog\wholesale-mortgage-broker-tustin-2026\page.tsx
/blog/yorba-linda-mortgage-guide-2026,https://www.mothebroker.com/blog/yorba-linda-mortgage-guide-2026,1,app\blog\yorba-linda-mortgage-guide-2026\page.tsx
/calculator/closing-costs,https://www.mothebroker.com/calculator/closing-costs,1,app\calculator\closing-costs\page.tsx
/calculator/debt-to-income,https://www.mothebroker.com/calculator/debt-to-income,1,app\calculator\debt-to-income\page.tsx
/guides/definitive-orange-county-mortgage-guide,https://www.mothebroker.com/guides/definitive-orange-county-mortgage-guide,1,app\guides\definitive-orange-county-mortgage-guide\page.tsx
/guides/orange-county-investment-property,https://www.mothebroker.com/guides/orange-county-investment-property,1,app\guides\orange-county-investment-property\page.tsx
/guides/orange-county-refinancing-guide,https://www.mothebroker.com/guides/orange-county-refinancing-guide,1,app\guides\orange-county-refinancing-guide\page.tsx
/guides/spring-2026-home-buying-guide,https://www.mothebroker.com/guides/spring-2026-home-buying-guide,1,app\guides\spring-2026-home-buying-guide\page.tsx
/guides/summer-2025-market-guide,https://www.mothebroker.com/guides/summer-2025-market-guide,1,app\guides\summer-2025-market-guide\page.tsx
/guides/why-choose-local-mortgage-broker,https://www.mothebroker.com/guides/why-choose-local-mortgage-broker,1,app\guides\why-choose-local-mortgage-broker\page.tsx
/heloc-specialist-orange-county,https://www.mothebroker.com/heloc-specialist-orange-county,1,app\heloc-specialist-orange-county\page.tsx
/jumbo-loans-orange-county,https://www.mothebroker.com/jumbo-loans-orange-county,1,app\jumbo-loans-orange-county\page.tsx
/loan-programs/bank-statement-loans-irvine,https://www.mothebroker.com/loan-programs/bank-statement-loans-irvine,1,app\loan-programs\bank-statement-loans-irvine\page.tsx
/loan-programs/fha-loans-irvine,https://www.mothebroker.com/loan-programs/fha-loans-irvine,1,app\loan-programs\fha-loans-irvine\page.tsx
/loan-programs/orange-county-fha-loan-limits,https://www.mothebroker.com/loan-programs/orange-county-fha-loan-limits,1,app\loan-programs\orange-county-fha-loan-limits\page.tsx
/loan-programs/orange-county-va-loans,https://www.mothebroker.com/loan-programs/orange-county-va-loans,1,app\loan-programs\orange-county-va-loans\page.tsx
/loan-programs/rate-term-refinance,https://www.mothebroker.com/loan-programs/rate-term-refinance,1,app\loan-programs\rate-term-refinance\page.tsx
/loan-programs/va-refinance,https://www.mothebroker.com/loan-programs/va-refinance,1,app\loan-programs\va-refinance\page.tsx
/luxury-markets,https://www.mothebroker.com/luxury-markets,1,app\luxury-markets\page.tsx
/luxury-markets/golf-course-homes-mortgage-broker,https://www.mothebroker.com/luxury-markets/golf-course-homes-mortgage-broker,1,app\luxury-markets\golf-course-homes-mortgage-broker\page.tsx
/luxury-markets/ultra-luxury-estates-mortgage-broker,https://www.mothebroker.com/luxury-markets/ultra-luxury-estates-mortgage-broker,1,app\luxury-markets\ultra-luxury-estates-mortgage-broker\page.tsx
/luxury-markets/waterfront-homes-mortgage-broker,https://www.mothebroker.com/luxury-markets/waterfront-homes-mortgage-broker,1,app\luxury-markets\waterfront-homes-mortgage-broker\page.tsx
/neighborhood-guide/huntington-beach-vs-costa-mesa-home-buying-guide,https://www.mothebroker.com/neighborhood-guide/huntington-beach-vs-costa-mesa-home-buying-guide,1,app\neighborhood-guide\huntington-beach-vs-costa-mesa-home-buying-guide\page.tsx
/neighborhood-guide/newport-beach-vs-laguna-beach-home-buying-guide,https://www.mothebroker.com/neighborhood-guide/newport-beach-vs-laguna-beach-home-buying-guide,1,app\neighborhood-guide\newport-beach-vs-laguna-beach-home-buying-guide\page.tsx
/neighborhood-guide/orange-county-neighborhoods-comparison-guide,https://www.mothebroker.com/neighborhood-guide/orange-county-neighborhoods-comparison-guide,1,app\neighborhood-guide\orange-county-neighborhoods-comparison-guide\page.tsx
/non-qm-loans-orange-county,https://www.mothebroker.com/non-qm-loans-orange-county,1,app\non-qm-loans-orange-county\page.tsx
/orange-county-conventional-loans,https://www.mothebroker.com/orange-county-conventional-loans,1,app\orange-county-conventional-loans\page.tsx
/orange-county-fha-loans,https://www.mothebroker.com/orange-county-fha-loans,1,app\orange-county-fha-loans\page.tsx
/orange-county-jumbo-loans,https://www.mothebroker.com/orange-county-jumbo-loans,1,app\orange-county-jumbo-loans\page.tsx
/resources,https://www.mothebroker.com/resources,1,app\resources\page.tsx
/resources/comprehensive-mortgage-faq,https://www.mothebroker.com/resources/comprehensive-mortgage-faq,1,app\resources\comprehensive-mortgage-faq\page.tsx
/resources/credit-repair,https://www.mothebroker.com/resources/credit-repair,1,app\resources\credit-repair\page.tsx
/resources/document-checklist,https://www.mothebroker.com/resources/document-checklist,1,app\resources\document-checklist\page.tsx
/resources/glossary,https://www.mothebroker.com/resources/glossary,1,app\resources\glossary\page.tsx
/resources/market-data,https://www.mothebroker.com/resources/market-data,1,app\resources\market-data\page.tsx
/resources/mortgage-glossary,https://www.mothebroker.com/resources/mortgage-glossary,1,app\resources\mortgage-glossary\page.tsx
/resources/service-providers,https://www.mothebroker.com/resources/service-providers,1,app\resources\service-providers\page.tsx
/zip-codes/92602-irvine-mortgage-broker,https://www.mothebroker.com/zip-codes/92602-irvine-mortgage-broker,1,app\zip-codes\92602-irvine-mortgage-broker\page.tsx
/zip-codes/92614-irvine-mortgage-broker,https://www.mothebroker.com/zip-codes/92614-irvine-mortgage-broker,1,app\zip-codes\92614-irvine-mortgage-broker\page.tsx
/zip-codes/92660-newport-beach-mortgage-broker,https://www.mothebroker.com/zip-codes/92660-newport-beach-mortgage-broker,1,app\zip-codes\92660-newport-beach-mortgage-broker\page.tsx
/admin,https://www.mothebroker.com/admin,2,app\admin\page.tsx
/areas/anaheim-mortgage-broker,https://www.mothebroker.com/areas/anaheim-mortgage-broker,2,app\areas\anaheim-mortgage-broker\page.tsx
/areas/irvine-neighborhoods,https://www.mothebroker.com/areas/irvine-neighborhoods,2,app\areas\irvine-neighborhoods\page.tsx
/areas/irvine-unified-school-district-mortgage-broker,https://www.mothebroker.com/areas/irvine-unified-school-district-mortgage-broker,2,app\areas\irvine-unified-school-district-mortgage-broker\page.tsx
/areas/newport-beach-neighborhoods,https://www.mothebroker.com/areas/newport-beach-neighborhoods,2,app\areas\newport-beach-neighborhoods\page.tsx
/areas/santa-ana-mortgage-broker,https://www.mothebroker.com/areas/santa-ana-mortgage-broker,2,app\areas\santa-ana-mortgage-broker\page.tsx
/areas/seal-beach-mortgage-broker,https://www.mothebroker.com/areas/seal-beach-mortgage-broker,2,app\areas\seal-beach-mortgage-broker\page.tsx
/blog/200-lender-advantage,https://www.mothebroker.com/blog/200-lender-advantage,2,app\blog\200-lender-advantage\page.tsx
/blog/cash-out-refinance-how-it-works,https://www.mothebroker.com/blog/cash-out-refinance-how-it-works,2,app\blog\cash-out-refinance-how-it-works\page.tsx
/blog/equity-extraction-risks-2026,https://www.mothebroker.com/blog/equity-extraction-risks-2026,2,app\blog\equity-extraction-risks-2026\page.tsx
/blog/fha-loans-orange-county-2026,https://www.mothebroker.com/blog/fha-loans-orange-county-2026,2,app\blog\fha-loans-orange-county-2026\page.tsx
/blog/first-time-homebuyer-guide-orange-county-2026,https://www.mothebroker.com/blog/first-time-homebuyer-guide-orange-county-2026,2,app\blog\first-time-homebuyer-guide-orange-county-2026\page.tsx
/blog/heloan-vs-cash-out-refinance-2026,https://www.mothebroker.com/blog/heloan-vs-cash-out-refinance-2026,2,app\blog\heloan-vs-cash-out-refinance-2026\page.tsx
/blog/heloc-vs-home-equity-loan,https://www.mothebroker.com/blog/heloc-vs-home-equity-loan,2,app\blog\heloc-vs-home-equity-loan\page.tsx
/blog/home-equity-beverly-hills-2026,https://www.mothebroker.com/blog/home-equity-beverly-hills-2026,2,app\blog\home-equity-beverly-hills-2026\page.tsx
/blog/home-equity-irvine-2026,https://www.mothebroker.com/blog/home-equity-irvine-2026,2,app\blog\home-equity-irvine-2026\page.tsx
/blog/how-does-heloc-work,https://www.mothebroker.com/blog/how-does-heloc-work,2,app\blog\how-does-heloc-work\page.tsx
/blog/how-to-get-wholesale-mortgage-rates-california,https://www.mothebroker.com/blog/how-to-get-wholesale-mortgage-rates-california,2,app\blog\how-to-get-wholesale-mortgage-rates-california\page.tsx
/blog/mission-viejo-mortgage-guide-2026,https://www.mothebroker.com/blog/mission-viejo-mortgage-guide-2026,2,app\blog\mission-viejo-mortgage-guide-2026\page.tsx
/blog/mortgage-broker-vs-bank-complete-2026,https://www.mothebroker.com/blog/mortgage-broker-vs-bank-complete-2026,2,app\blog\mortgage-broker-vs-bank-complete-2026\page.tsx
/blog/non-qm-loans-wholesale-broker,https://www.mothebroker.com/blog/non-qm-loans-wholesale-broker,2,app\blog\non-qm-loans-wholesale-broker\page.tsx
/blog/non-qm-loans-wholesale-broker-2026,https://www.mothebroker.com/blog/non-qm-loans-wholesale-broker-2026,2,app\blog\non-qm-loans-wholesale-broker-2026\page.tsx
/blog/rancho-santa-margarita-mortgage-guide-2026,https://www.mothebroker.com/blog/rancho-santa-margarita-mortgage-guide-2026,2,app\blog\rancho-santa-margarita-mortgage-guide-2026\page.tsx
/blog/refinance-credit-requirements-2026,https://www.mothebroker.com/blog/refinance-credit-requirements-2026,2,app\blog\refinance-credit-requirements-2026\page.tsx
/blog/reverse-mortgage-mission-viejo-ca-2026,https://www.mothebroker.com/blog/reverse-mortgage-mission-viejo-ca-2026,2,app\blog\reverse-mortgage-mission-viejo-ca-2026\page.tsx
/blog/reverse-mortgage-myths-debunked-2026,https://www.mothebroker.com/blog/reverse-mortgage-myths-debunked-2026,2,app\blog\reverse-mortgage-myths-debunked-2026\page.tsx
/blog/reverse-mortgages-california-guide,https://www.mothebroker.com/blog/reverse-mortgages-california-guide,2,app\blog\reverse-mortgages-california-guide\page.tsx
/blog/wholesale-mortgage-broker-92629,https://www.mothebroker.com/blog/wholesale-mortgage-broker-92629,2,app\blog\wholesale-mortgage-broker-92629\page.tsx
/blog/wholesale-mortgage-broker-92677,https://www.mothebroker.com/blog/wholesale-mortgage-broker-92677,2,app\blog\wholesale-mortgage-broker-92677\page.tsx
/blog/wholesale-mortgage-broker-california-pillar-2026,https://www.mothebroker.com/blog/wholesale-mortgage-broker-california-pillar-2026,2,app\blog\wholesale-mortgage-broker-california-pillar-2026\page.tsx
/blog/wholesale-mortgage-broker-yorba-linda-2026,https://www.mothebroker.com/blog/wholesale-mortgage-broker-yorba-linda-2026,2,app\blog\wholesale-mortgage-broker-yorba-linda-2026\page.tsx
/blog/wholesale-vs-retail-mortgage-complete-2026,https://www.mothebroker.com/blog/wholesale-vs-retail-mortgage-complete-2026,2,app\blog\wholesale-vs-retail-mortgage-complete-2026\page.tsx
/conventional-loans-orange-county,https://www.mothebroker.com/conventional-loans-orange-county,2,app\conventional-loans-orange-county\page.tsx
/cookie-policy,https://www.mothebroker.com/cookie-policy,2,app\cookie-policy\page.tsx
/guides/mortgage-broker-vs-bank-complete-comparison,https://www.mothebroker.com/guides/mortgage-broker-vs-bank-complete-comparison,2,app\guides\mortgage-broker-vs-bank-complete-comparison\page.tsx
/guides/orange-county-home-buyer-guide,https://www.mothebroker.com/guides/orange-county-home-buyer-guide,2,app\guides\orange-county-home-buyer-guide\page.tsx
/guides/orange-county-jumbo-loans,https://www.mothebroker.com/guides/orange-county-jumbo-loans,2,app\guides\orange-county-jumbo-loans\page.tsx
/loan-programs/cash-out-refinance,https://www.mothebroker.com/loan-programs/cash-out-refinance,2,app\loan-programs\cash-out-refinance\page.tsx
/loan-programs/conventional-loans,https://www.mothebroker.com/loan-programs/conventional-loans,2,app\loan-programs\conventional-loans\page.tsx
/loan-programs/fix-flip-loans,https://www.mothebroker.com/loan-programs/fix-flip-loans,2,app\loan-programs\fix-flip-loans\page.tsx
/loan-programs/heloan,https://www.mothebroker.com/loan-programs/heloan,2,app\loan-programs\heloan\page.tsx
/loan-programs/usda-rural-loans,https://www.mothebroker.com/loan-programs/usda-rural-loans,2,app\loan-programs\usda-rural-loans\page.tsx
/neighborhood-guide,https://www.mothebroker.com/neighborhood-guide,2,app\neighborhood-guide\page.tsx
/neighborhood-guide/irvine-vs-newport-beach-home-buying-guide,https://www.mothebroker.com/neighborhood-guide/irvine-vs-newport-beach-home-buying-guide,2,app\neighborhood-guide\irvine-vs-newport-beach-home-buying-guide\page.tsx
/quiz,https://www.mothebroker.com/quiz,2,app\quiz\page.tsx
/resources/down-payment-assistance,https://www.mothebroker.com/resources/down-payment-assistance,2,app\resources\down-payment-assistance\page.tsx
/self-employed-home-loans-california,https://www.mothebroker.com/self-employed-home-loans-california,2,app\self-employed-home-loans-california\page.tsx
/terms-of-service,https://www.mothebroker.com/terms-of-service,2,app\terms-of-service\page.tsx
/areas/costa-mesa-mortgage-broker,https://www.mothebroker.com/areas/costa-mesa-mortgage-broker,3,app\areas\costa-mesa-mortgage-broker\page.tsx
/areas/mission-viejo-mortgage-broker,https://www.mothebroker.com/areas/mission-viejo-mortgage-broker,3,app\areas\mission-viejo-mortgage-broker\page.tsx
/blog/mortgage-broker-vs-bank,https://www.mothebroker.com/blog/mortgage-broker-vs-bank,3,app\blog\mortgage-broker-vs-bank\page.tsx
/blog/refinance-closing-costs-2026,https://www.mothebroker.com/blog/refinance-closing-costs-2026,3,app\blog\refinance-closing-costs-2026\page.tsx
/blog/refinance-debt-consolidation-2026,https://www.mothebroker.com/blog/refinance-debt-consolidation-2026,3,app\blog\refinance-debt-consolidation-2026\page.tsx
/blog/reverse-mortgage-del-mar-2026,https://www.mothebroker.com/blog/reverse-mortgage-del-mar-2026,3,app\blog\reverse-mortgage-del-mar-2026\page.tsx
/blog/reverse-mortgage-medina-wa-2026,https://www.mothebroker.com/blog/reverse-mortgage-medina-wa-2026,3,app\blog\reverse-mortgage-medina-wa-2026\page.tsx
/blog/self-employed-mortgage-broker,https://www.mothebroker.com/blog/self-employed-mortgage-broker,3,app\blog\self-employed-mortgage-broker\page.tsx
/blog/va-loans-orange-county-2026,https://www.mothebroker.com/blog/va-loans-orange-county-2026,3,app\blog\va-loans-orange-county-2026\page.tsx
/blog/wholesale-mortgage-broker-92603,https://www.mothebroker.com/blog/wholesale-mortgage-broker-92603,3,app\blog\wholesale-mortgage-broker-92603\page.tsx
/blog/wholesale-mortgage-broker-92624,https://www.mothebroker.com/blog/wholesale-mortgage-broker-92624,3,app\blog\wholesale-mortgage-broker-92624\page.tsx
/blog/wholesale-mortgage-broker-92672,https://www.mothebroker.com/blog/wholesale-mortgage-broker-92672,3,app\blog\wholesale-mortgage-broker-92672\page.tsx
/blog/wholesale-mortgage-broker-orange-county,https://www.mothebroker.com/blog/wholesale-mortgage-broker-orange-county,3,app\blog\wholesale-mortgage-broker-orange-county\page.tsx
/blog/wholesale-vs-retail-mortgage,https://www.mothebroker.com/blog/wholesale-vs-retail-mortgage,3,app\blog\wholesale-vs-retail-mortgage\page.tsx
/guides,https://www.mothebroker.com/guides,3,app\guides\page.tsx
/loan-programs/fha-loans,https://www.mothebroker.com/loan-programs/fha-loans,3,app\loan-programs\fha-loans\page.tsx
/neighborhood-guide/mission-viejo-vs-irvine-home-buying-guide,https://www.mothebroker.com/neighborhood-guide/mission-viejo-vs-irvine-home-buying-guide,3,app\neighborhood-guide\mission-viejo-vs-irvine-home-buying-guide\page.tsx
/privacy-policy,https://www.mothebroker.com/privacy-policy,3,app\privacy-policy\page.tsx
/purchase-loans,https://www.mothebroker.com/purchase-loans,3,app\purchase-loans\page.tsx
/rate-term-refinance-orange-county,https://www.mothebroker.com/rate-term-refinance-orange-county,3,app\rate-term-refinance-orange-county\page.tsx
/areas,https://www.mothebroker.com/areas,4,app\areas\page.tsx
/areas/huntington-beach-mortgage-broker,https://www.mothebroker.com/areas/huntington-beach-mortgage-broker,4,app\areas\huntington-beach-mortgage-broker\page.tsx
/areas/newport-beach,https://www.mothebroker.com/areas/newport-beach,4,app\areas\newport-beach\page.tsx
/blog/bank-statement-loans-wholesale,https://www.mothebroker.com/blog/bank-statement-loans-wholesale,4,app\blog\bank-statement-loans-wholesale\page.tsx
/blog/irvine-mortgage-guide-2026,https://www.mothebroker.com/blog/irvine-mortgage-guide-2026,4,app\blog\irvine-mortgage-guide-2026\page.tsx
/blog/reverse-mortgage-beverly-hills-2026,https://www.mothebroker.com/blog/reverse-mortgage-beverly-hills-2026,4,app\blog\reverse-mortgage-beverly-hills-2026\page.tsx
/blog/reverse-mortgage-irvine-ca-2026,https://www.mothebroker.com/blog/reverse-mortgage-irvine-ca-2026,4,app\blog\reverse-mortgage-irvine-ca-2026\page.tsx
/blog/reverse-mortgage-payout-options-2026,https://www.mothebroker.com/blog/reverse-mortgage-payout-options-2026,4,app\blog\reverse-mortgage-payout-options-2026\page.tsx
/blog/reverse-mortgage-vs-heloc-seniors-2026,https://www.mothebroker.com/blog/reverse-mortgage-vs-heloc-seniors-2026,4,app\blog\reverse-mortgage-vs-heloc-seniors-2026\page.tsx
/blog/when-to-refinance-2026,https://www.mothebroker.com/blog/when-to-refinance-2026,4,app\blog\when-to-refinance-2026\page.tsx
/blog/wholesale-mortgage-broker-costa-mesa,https://www.mothebroker.com/blog/wholesale-mortgage-broker-costa-mesa,4,app\blog\wholesale-mortgage-broker-costa-mesa\page.tsx
/fha-loans-orange-county,https://www.mothebroker.com/fha-loans-orange-county,4,app\fha-loans-orange-county\page.tsx
/loan-programs/foreign-national-loans,https://www.mothebroker.com/loan-programs/foreign-national-loans,4,app\loan-programs\foreign-national-loans\page.tsx
/loan-programs/jumbo-loans,https://www.mothebroker.com/loan-programs/jumbo-loans,4,app\loan-programs\jumbo-loans\page.tsx
/loan-programs/non-qm-loans,https://www.mothebroker.com/loan-programs/non-qm-loans,4,app\loan-programs\non-qm-loans\page.tsx
/loan-programs/profit-loss-statement-loans,https://www.mothebroker.com/loan-programs/profit-loss-statement-loans,4,app\loan-programs\profit-loss-statement-loans\page.tsx
/refinance-loans,https://www.mothebroker.com/refinance-loans,4,app\refinance-loans\page.tsx
/va-loans-orange-county,https://www.mothebroker.com/va-loans-orange-county,4,app\va-loans-orange-county\page.tsx
/areas/irvine,https://www.mothebroker.com/areas/irvine,5,app\areas\irvine\page.tsx
/areas/newport-beach-mortgage-broker,https://www.mothebroker.com/areas/newport-beach-mortgage-broker,5,app\areas\newport-beach-mortgage-broker\page.tsx
/blog/cash-out-refinance-complete-guide-2026,https://www.mothebroker.com/blog/cash-out-refinance-complete-guide-2026,5,app\blog\cash-out-refinance-complete-guide-2026\page.tsx
/blog/how-to-get-wholesale-mortgage-rates-2026,https://www.mothebroker.com/blog/how-to-get-wholesale-mortgage-rates-2026,5,app\blog\how-to-get-wholesale-mortgage-rates-2026\page.tsx
/blog/reverse-mortgage-inheritance-heirs-2026,https://www.mothebroker.com/blog/reverse-mortgage-inheritance-heirs-2026,5,app\blog\reverse-mortgage-inheritance-heirs-2026\page.tsx
/blog/reverse-mortgage-la-jolla-ca-2026,https://www.mothebroker.com/blog/reverse-mortgage-la-jolla-ca-2026,5,app\blog\reverse-mortgage-la-jolla-ca-2026\page.tsx
/blog/what-is-reverse-mortgage-2026,https://www.mothebroker.com/blog/what-is-reverse-mortgage-2026,5,app\blog\what-is-reverse-mortgage-2026\page.tsx
/blog/wholesale-mortgage-broker-anaheim,https://www.mothebroker.com/blog/wholesale-mortgage-broker-anaheim,5,app\blog\wholesale-mortgage-broker-anaheim\page.tsx
/blog/wholesale-mortgage-broker-irvine-2026,https://www.mothebroker.com/blog/wholesale-mortgage-broker-irvine-2026,5,app\blog\wholesale-mortgage-broker-irvine-2026\page.tsx
/blog/wholesale-mortgage-broker-yorba-linda,https://www.mothebroker.com/blog/wholesale-mortgage-broker-yorba-linda,5,app\blog\wholesale-mortgage-broker-yorba-linda\page.tsx
/blog/200-lender-advantage-explained-2026,https://www.mothebroker.com/blog/200-lender-advantage-explained-2026,6,app\blog\200-lender-advantage-explained-2026\page.tsx
/blog/asset-depletion-loans-guide-2026,https://www.mothebroker.com/blog/asset-depletion-loans-guide-2026,6,app\blog\asset-depletion-loans-guide-2026\page.tsx
/blog/what-can-you-use-home-equity-for-2026,https://www.mothebroker.com/blog/what-can-you-use-home-equity-for-2026,6,app\blog\what-can-you-use-home-equity-for-2026\page.tsx
/calculator/affordability,https://www.mothebroker.com/calculator/affordability,6,app\calculator\affordability\page.tsx
/loan-programs/asset-depletion-loans,https://www.mothebroker.com/loan-programs/asset-depletion-loans,6,app\loan-programs\asset-depletion-loans\page.tsx
/loan-programs/heloc,https://www.mothebroker.com/loan-programs/heloc,6,app\loan-programs\heloc\page.tsx
/wholesale-mortgage-broker-california/how-to-get-wholesale-rates,https://www.mothebroker.com/wholesale-mortgage-broker-california/how-to-get-wholesale-rates,6,app\wholesale-mortgage-broker-california\how-to-get-wholesale-rates\page.tsx
/wholesale-mortgage-broker-california/wholesale-vs-retail-mortgage,https://www.mothebroker.com/wholesale-mortgage-broker-california/wholesale-vs-retail-mortgage,6,app\wholesale-mortgage-broker-california\wholesale-vs-retail-mortgage\page.tsx
/areas/irvine-mortgage-broker,https://www.mothebroker.com/areas/irvine-mortgage-broker,7,app\areas\irvine-mortgage-broker\page.tsx
/blog,https://www.mothebroker.com/blog,7,app\blog\page.tsx
/blog/hecm-counseling-requirements-2026,https://www.mothebroker.com/blog/hecm-counseling-requirements-2026,7,app\blog\hecm-counseling-requirements-2026\page.tsx
/blog/hecm-for-purchase-2026,https://www.mothebroker.com/blog/hecm-for-purchase-2026,7,app\blog\hecm-for-purchase-2026\page.tsx
/blog/newport-beach-mortgage-guide-2026,https://www.mothebroker.com/blog/newport-beach-mortgage-guide-2026,7,app\blog\newport-beach-mortgage-guide-2026\page.tsx
/heloan-orange-county,https://www.mothebroker.com/heloan-orange-county,7,app\heloan-orange-county\page.tsx
/wholesale-mortgage-broker-california/200-lender-advantage,https://www.mothebroker.com/wholesale-mortgage-broker-california/200-lender-advantage,7,app\wholesale-mortgage-broker-california\200-lender-advantage\page.tsx
/wholesale-mortgage-broker-california/mortgage-broker-vs-bank,https://www.mothebroker.com/wholesale-mortgage-broker-california/mortgage-broker-vs-bank,7,app\wholesale-mortgage-broker-california\mortgage-broker-vs-bank\page.tsx
/blog/heloc-complete-guide-2026,https://www.mothebroker.com/blog/heloc-complete-guide-2026,8,app\blog\heloc-complete-guide-2026\page.tsx
/blog/reverse-mortgage-calculator-2026,https://www.mothebroker.com/blog/reverse-mortgage-calculator-2026,8,app\blog\reverse-mortgage-calculator-2026\page.tsx
/wholesale-mortgage-broker-california/non-qm-loans-wholesale,https://www.mothebroker.com/wholesale-mortgage-broker-california/non-qm-loans-wholesale,8,app\wholesale-mortgage-broker-california\non-qm-loans-wholesale\page.tsx
/blog/cash-out-refinance-how-it-works-2026,https://www.mothebroker.com/blog/cash-out-refinance-how-it-works-2026,9,app\blog\cash-out-refinance-how-it-works-2026\page.tsx
/blog/heloc-vs-home-equity-loan-2026,https://www.mothebroker.com/blog/heloc-vs-home-equity-loan-2026,9,app\blog\heloc-vs-home-equity-loan-2026\page.tsx
/blog/wholesale-vs-retail-mortgage-brokers-2026,https://www.mothebroker.com/blog/wholesale-vs-retail-mortgage-brokers-2026,9,app\blog\wholesale-vs-retail-mortgage-brokers-2026\page.tsx
/loan-programs/bank-statement-loans,https://www.mothebroker.com/loan-programs/bank-statement-loans,9,app\loan-programs\bank-statement-loans\page.tsx
/wholesale-mortgage-broker-california/self-employed-mortgage-broker,https://www.mothebroker.com/wholesale-mortgage-broker-california/self-employed-mortgage-broker,9,app\wholesale-mortgage-broker-california\self-employed-mortgage-broker\page.tsx
/wholesale-mortgage-broker-california/bank-statement-loans-wholesale,https://www.mothebroker.com/wholesale-mortgage-broker-california/bank-statement-loans-wholesale,10,app\wholesale-mortgage-broker-california\bank-statement-loans-wholesale\page.tsx
/blog/self-employed-mortgage-broker-2026,https://www.mothebroker.com/blog/self-employed-mortgage-broker-2026,11,app\blog\self-employed-mortgage-broker-2026\page.tsx
/cash-out-refinance,https://www.mothebroker.com/cash-out-refinance,11,app\cash-out-refinance\page.tsx
/heloc-orange-county,https://www.mothebroker.com/heloc-orange-county,11,app\heloc-orange-county\page.tsx
/blog/dscr-investment-property-loans-2026,https://www.mothebroker.com/blog/dscr-investment-property-loans-2026,12,app\blog\dscr-investment-property-loans-2026\page.tsx
/blog/proprietary-reverse-mortgage-2026,https://www.mothebroker.com/blog/proprietary-reverse-mortgage-2026,12,app\blog\proprietary-reverse-mortgage-2026\page.tsx
/loan-programs,https://www.mothebroker.com/loan-programs,12,app\loan-programs\page.tsx
/loan-programs/dscr-investment-loans,https://www.mothebroker.com/loan-programs/dscr-investment-loans,12,app\loan-programs\dscr-investment-loans\page.tsx
/blog/hecm-pros-cons-2026,https://www.mothebroker.com/blog/hecm-pros-cons-2026,13,app\blog\hecm-pros-cons-2026\page.tsx
/home-equity-guide,https://www.mothebroker.com/home-equity-guide,13,app\home-equity-guide\page.tsx
/blog/reverse-mortgage-complete-guide-2026,https://www.mothebroker.com/blog/reverse-mortgage-complete-guide-2026,14,app\blog\reverse-mortgage-complete-guide-2026\page.tsx
/wholesale-mortgage-broker-california,https://www.mothebroker.com/wholesale-mortgage-broker-california,14,app\wholesale-mortgage-broker-california\page.tsx
/blog/hecm-vs-heloc-seniors-2026,https://www.mothebroker.com/blog/hecm-vs-heloc-seniors-2026,15,app\blog\hecm-vs-heloc-seniors-2026\page.tsx
/blog/home-equity-loan-fixed-rate-2026,https://www.mothebroker.com/blog/home-equity-loan-fixed-rate-2026,15,app\blog\home-equity-loan-fixed-rate-2026\page.tsx
/blog/home-equity-refinancing-guide-2026,https://www.mothebroker.com/blog/home-equity-refinancing-guide-2026,15,app\blog\home-equity-refinancing-guide-2026\page.tsx
/blog/how-does-heloc-work-2026,https://www.mothebroker.com/blog/how-does-heloc-work-2026,15,app\blog\how-does-heloc-work-2026\page.tsx
/blog/reverse-mortgage-requirements-complete-2026,https://www.mothebroker.com/blog/reverse-mortgage-requirements-complete-2026,16,app\blog\reverse-mortgage-requirements-complete-2026\page.tsx
/blog/non-qm-loans-complete-guide-2026,https://www.mothebroker.com/blog/non-qm-loans-complete-guide-2026,17,app\blog\non-qm-loans-complete-guide-2026\page.tsx
/reverse-mortgages,https://www.mothebroker.com/reverse-mortgages,17,app\reverse-mortgages\page.tsx
/blog/bank-statement-loans-wholesale-2026,https://www.mothebroker.com/blog/bank-statement-loans-wholesale-2026,18,app\blog\bank-statement-loans-wholesale-2026\page.tsx
/contact-orange-county-mortgage-broker,https://www.mothebroker.com/contact-orange-county-mortgage-broker,18,app\contact-orange-county-mortgage-broker\page.tsx
/blog/heloc-vs-cash-out-refinance-2026,https://www.mothebroker.com/blog/heloc-vs-cash-out-refinance-2026,21,app\blog\heloc-vs-cash-out-refinance-2026\page.tsx
/blog/jumbo-loans-orange-county-2026,https://www.mothebroker.com/blog/jumbo-loans-orange-county-2026,23,app\blog\jumbo-loans-orange-county-2026\page.tsx
/blog/mortgage-broker-vs-bank-2026,https://www.mothebroker.com/blog/mortgage-broker-vs-bank-2026,24,app\blog\mortgage-broker-vs-bank-2026\page.tsx
/,https://www.mothebroker.com,28,app\page.tsx
/blog/bank-statement-loans-self-employed-2026,https://www.mothebroker.com/blog/bank-statement-loans-self-employed-2026,28,app\blog\bank-statement-loans-self-employed-2026\page.tsx
/calculator,https://www.mothebroker.com/calculator,35,app\calculator\page.tsx
/blog/wholesale-mortgage-broker-california-guide-2026,https://www.mothebroker.com/blog/wholesale-mortgage-broker-california-guide-2026,42,app\blog\wholesale-mortgage-broker-california-guide-2026\page.tsx
/blog/wholesale-mortgage-broker-orange-county-2026,https://www.mothebroker.com/blog/wholesale-mortgage-broker-orange-county-2026,45,app\blog\wholesale-mortgage-broker-orange-county-2026\page.tsx
/contact,https://www.mothebroker.com/contact,202,app\contact\page.tsx