file,line,category,context,suggested
app\areas\anaheim-mortgage-broker\page.tsx,25,already-ok,"description: 'Upscale master-planned community with canyon views and luxury amenities'","(keep — descriptive amenity/feature use)"
app\areas\irvine-neighborhoods\page.tsx,101,already-ok,"familiar with hillside valuations and luxury amenities like pools and view premiums.","(keep — descriptive amenity/feature use)"
app\areas\irvine-neighborhoods\quail-hill-mortgage-broker\page.tsx,27,already-ok,"quickAnswer: "Mo Abdel provides specialized mortgage services for Quail Hill Irvine; a premium master-planned community featuring newer construction homes; luxury amenities; and properties ranging fro","(keep — descriptive amenity/feature use)"
app\areas\irvine-neighborhoods\quail-hill-mortgage-broker\page.tsx,65,already-ok,"answer: "Quail Hill is a newer master-planned community with luxury amenities; modern homes; premium schools; and extensive recreational facilities. It offers a contemporary lifestyle with resort-styl","(keep — descriptive amenity/feature use)"
app\areas\irvine-neighborhoods\quail-hill-mortgage-broker\page.tsx,107,already-ok,"features: ['Custom designs'; 'Premium finishes'; 'Large lots'; 'Luxury amenities']","(keep — descriptive amenity/feature use)"
app\areas\irvine-neighborhoods\quail-hill-mortgage-broker\page.tsx,149,already-ok,"description="Quail Hill Irvine mortgage broker specializing in premium master-planned community homes. Newer construction financing; luxury amenities; Competitive pricing."","(keep — descriptive amenity/feature use)"
app\areas\newport-beach-neighborhoods\page.tsx,8,context-dependent,"'Complete guide to Newport Beach neighborhoods for homebuyers and refinancing. Balboa Island; Lido Isle; Newport Coast; Fashion Island area mortgage financing with wholesale pricing.';","keep if geographic list; remove if positioning"
app\areas\newport-beach-neighborhoods\page.tsx,20,context-dependent,"'Complete guide to Newport Beach neighborhoods for homebuyers and refinancing. Balboa Island; Lido Isle; Newport Coast; Fashion Island area mortgage financing with wholesale pricing.';","keep if geographic list; remove if positioning"
app\areas\newport-beach-neighborhoods\page.tsx,29,context-dependent,"{ q: 'Which Newport Beach neighborhoods require jumbo loans?'; a: 'Most Newport Beach neighborhoods require jumbo financing due to high property values. Balboa Island; Lido Isle; and Newport Coast typ","keep if geographic list; remove if positioning"
app\areas\newport-beach-neighborhoods\page.tsx,31,context-dependent,"{ q: 'What about condos vs. single-family homes in different neighborhoods?'; a: 'Condo financing varies by neighborhood. Fashion Island area high-rises may have different requirements than Balboa Isl","keep if geographic list; remove if positioning"
app\areas\newport-beach-neighborhoods\page.tsx,32,context-dependent,"{ q: 'Do you work with all Newport Beach neighborhoods?'; a: 'Absolutely. From Balboa Peninsula to Corona del Mar to Newport Coast; we have experience financing properties throughout all Newport Beach","keep if geographic list; remove if positioning"
app\areas\newport-beach-neighborhoods\page.tsx,60,context-dependent,"'Complete guide to Newport Beach neighborhoods for homebuyers and refinancing. Balboa Island; Lido Isle; Newport Coast; Fashion Island area mortgage financing with wholesale pricing.';","keep if geographic list; remove if positioning"
app\areas\newport-beach-neighborhoods\page.tsx,88,context-dependent,"<h3 className="text-lg font-semibold mb-2">Balboa Island</h3>","keep if geographic list; remove if positioning"
app\areas\newport-beach-neighborhoods\page.tsx,90,context-dependent,"One of Newport Beach's most prestigious addresses; Balboa Island features charming waterfront homes with boat docks.","keep if geographic list; remove if positioning"
app\areas\newport-beach-neighborhoods\page.tsx,95,context-dependent,"<h3 className="text-lg font-semibold mb-2">Lido Isle</h3>","keep if geographic list; remove if positioning"
app\areas\newport-beach-neighborhoods\page.tsx,116,context-dependent,"<h3 className="text-lg font-semibold mb-2">Newport Coast</h3>","keep if geographic list; remove if positioning"
app\areas\newport-beach-neighborhoods\page.tsx,118,context-dependent,"Newport Coast represents some of Orange County's most expensive real estate; with custom estates; gated communities;","keep if geographic list; remove if positioning"
app\areas\newport-beach-neighborhoods\page.tsx,146,context-dependent,"<li><strong>HOA and community fees:</strong> Luxury developments often have substantial HOA fees that affect debt-to-income calculations and lending decisions.</li>","judge per hit"
app\areas\newport-beach-neighborhoods\page.tsx,148,already-ok,"<li><strong>Unique property features:</strong> Boat docks; guest houses; and luxury amenities require appraisers and lenders familiar with these assets.</li>","(keep — descriptive amenity/feature use)"
app\areas\newport-beach-neighborhoods\page.tsx,214,context-dependent,"subtitle="Financing for Balboa Island; Lido Isle; Newport Coast & more"","keep if geographic list; remove if positioning"
app\areas\page.tsx,57,context-dependent,"highlights: ['Balboa Island'; 'Fashion Island'; 'Harbor views'; 'High-value properties']","keep if geographic list; remove if positioning"
app\areas\page.tsx,123,context-dependent,"{ name: 'Balboa Island'; slug: 'newport-beach-neighborhoods/balboa-island-mortgage-broker' };","keep if geographic list; remove if positioning"
app\areas\page.tsx,125,context-dependent,"{ name: 'Lido Isle'; slug: 'newport-beach-neighborhoods/lido-isle-mortgage-broker' };","keep if geographic list; remove if positioning"
app\areas\page.tsx,126,context-dependent,"{ name: 'Newport Coast'; slug: 'newport-beach-neighborhoods/newport-coast-mortgage-broker' };","keep if geographic list; remove if positioning"
app\areas\page.tsx,365,context-dependent,"<Link className="text-blue-700 hover:underline" href="/areas/newport-beach-neighborhoods/balboa-island-mortgage-broker">Balboa Island</Link>","keep if geographic list; remove if positioning"
app\areas\page.tsx,367,context-dependent,"<Link className="text-blue-700 hover:underline" href="/areas/newport-beach-neighborhoods/lido-isle-mortgage-broker">Lido Isle</Link>","keep if geographic list; remove if positioning"
app\areas\page.tsx,368,context-dependent,"<Link className="text-blue-700 hover:underline" href="/areas/newport-beach-neighborhoods/newport-coast-mortgage-broker">Newport Coast</Link>","keep if geographic list; remove if positioning"
app\areas\page.tsx,381,context-dependent,"<Link className="text-blue-700 hover:underline" href="/luxury-markets">High-Value Markets Overview</Link>","judge per hit"
app\areas\page.tsx,382,context-dependent,"<Link className="text-blue-700 hover:underline" href="/luxury-markets/golf-course-homes-mortgage-broker">Golf Course Homes</Link>","judge per hit"
app\areas\page.tsx,383,context-dependent,"<Link className="text-blue-700 hover:underline" href="/luxury-markets/waterfront-homes-mortgage-broker">Waterfront Home Mortgages</Link>","judge per hit"
app\blog\bank-statement-loans-self-employed-2026\page.tsx,955,context-dependent,"<td className="p-3 text-slate-600">$5M+</td>","rewrite to $500K-$900K band or remove"
app\blog\bank-statement-loans-self-employed-2026\page.tsx,1018,context-dependent,"<td className="py-2 px-4 border-b text-sm">$5;000;000</td>","rewrite to $500K-$900K band or remove"
app\blog\dana-point-mortgage-guide-2026\page.tsx,220,context-dependent,"<li>Luxury developments: $500-$1;500+ monthly</li>","judge per hit"
app\blog\dscr-blanket-loan-portfolio-2026\page.tsx,546,context-dependent,"<td className="px-4 py-3 text-purple-600 font-medium">$5;000;000-$10;000;000+</td>","rewrite to $500K-$900K band or remove"
app\blog\dscr-commercial-mixed-use-retail-2026\page.tsx,618,context-dependent,"<li><strong>Loan amounts:</strong> Typically $150;000&ndash;$5;000;000+ depending on the lender and property</li>","rewrite to $500K-$900K band or remove"
app\blog\dscr-loan-requirements-2026\page.tsx,239,context-dependent,"<td className="px-4 py-3 text-sm text-slate-600">$100K - $5M+</td>","rewrite to $500K-$900K band or remove"
app\blog\dscr-loan-requirements-2026\page.tsx,240,context-dependent,"<td className="px-4 py-3 text-sm text-slate-600">Some lenders go to $10M; min amounts vary ($75K-$150K)</td>","rewrite to $500K-$900K band or remove"
app\blog\dscr-loans-explained-investors-2026\page.tsx,291,context-dependent,"<span><strong>Loan amounts from $100K to $5M+</strong> &mdash; covering single-family rentals through small multifamily properties</span>","rewrite to $500K-$900K band or remove"
app\blog\dscr-loans-multi-family-guide-2026\page.tsx,74,context-dependent,"answer: "Maximum loan amounts for 2-4 unit DSCR loans range from $2M to $3M depending on the lender; with some specialized non-QM lenders offering up to $3.5M for fourplex properties in high-cost mark","rewrite to $500K-$900K band or remove"
app\blog\dscr-section-8-housing-voucher-rental-2026\page.tsx,720,context-dependent,"The difference between a lender that counts 100% of your HAP income and one that discounts it by 25% can determine whether your deal qualifies. This is precisely why wholesale broker access to 50+ Who","judge per hit"
app\blog\dscr-self-storage-facility-loan-2026\page.tsx,511,context-dependent,"<li><strong>Loan amounts:</strong> $500;000 to $25 million+ depending on lender; facility value; and borrower liquidity. Smaller facilities ($500K&ndash;$2M) have fewer DSCR lender options than mid-ma","rewrite to $500K-$900K band or remove"
app\blog\dscr-senior-housing-assisted-living-2026\page.tsx,67,context-dependent,"answer: 'Senior housing DSCR loans typically offer 5-year; 7-year; or 10-year fixed-rate terms with 25-year or 30-year amortization schedules. Interest-only periods of 1–3 years are available during t","rewrite to $500K-$900K band or remove"
app\blog\dscr-senior-housing-assisted-living-2026\page.tsx,430,context-dependent,"<td className="border border-gray-200 px-4 py-2">Annual debt service ($8M loan; 25-year amortization)</td>","rewrite to $500K-$900K band or remove"
app\blog\dscr-senior-housing-assisted-living-2026\page.tsx,517,context-dependent,"<li><strong>Loan amounts:</strong> $1 million to $30 million+ depending on facility size; valuation; and lender capacity. Most senior housing DSCR loans fall in the $3M&ndash;$15M range</li>","rewrite to $500K-$900K band or remove"
app\blog\dscr-senior-housing-assisted-living-2026\page.tsx,622,context-dependent,"<td className="border border-gray-200 px-4 py-2">Yes ($5M+ loans)</td>","rewrite to $500K-$900K band or remove"
app\blog\hecm-loan-limits-maximum-claim-2026\page.tsx,370,context-dependent,"In our California and Washington closings; we see all three scenarios regularly. Coastal Orange County and Seattle Eastside homeowners frequently own properties worth $1.5M to $4M+; which means the HE","rewrite to $500K-$900K band or remove"
app\blog\hecm-loan-limits-maximum-claim-2026\page.tsx,584,context-dependent,"<td className="px-4 py-3 text-sm text-blue-600 font-medium">Up to $10M+ (lender-dependent)</td>","rewrite to $500K-$900K band or remove"
app\blog\heloc-freeze-reduction-lender-rights-2026\page.tsx,589,context-dependent,"<p><strong>Contact your lender and request reinstatement; then hire a licensed appraiser they accept.</strong> Most lenders will accept a full appraisal ordered by the borrower from a licensed; indepe","judge per hit"
app\blog\home-equity-arcadia-ca-2026\page.tsx,256,context-dependent,"<td className="py-2 px-4 border-b">$2.5M - $5M+</td>","rewrite to $500K-$900K band or remove"
app\blog\home-equity-calabasas-2026\page.tsx,28,context-dependent,"Calabasas homeowners have built substantial equity in this exclusive enclave. With median values around <strong>$2.2 million</strong> and The Oaks estates reaching $10M+; qualified homeowners can acce","rewrite to $500K-$900K band or remove"
app\blog\home-equity-calabasas-2026\page.tsx,37,context-dependent,"<tr><td className="py-2 px-4 border-b">The Oaks</td><td className="py-2 px-4 border-b">$3M-$10M+</td><td className="py-2 px-4 border-b">Super-jumbo</td></tr>","rewrite to $500K-$900K band or remove"
app\blog\home-equity-calabasas-2026\page.tsx,38,context-dependent,"<tr><td className="py-2 px-4 border-b">Calabasas Park Estates</td><td className="py-2 px-4 border-b">$2M-$5M</td><td className="py-2 px-4 border-b">Jumbo</td></tr>","rewrite to $500K-$900K band or remove"
app\blog\home-equity-calabasas-2026\page.tsx,40,context-dependent,"<tr><td className="py-2 px-4">Mountain View Estates</td><td className="py-2 px-4">$2M-$4M</td><td className="py-2 px-4">Jumbo</td></tr>","rewrite to $500K-$900K band or remove"
app\blog\home-equity-calabasas-2026\page.tsx,53,context-dependent,"<ul><li>Loan amounts to $5M+</li><li>Replace existing mortgage</li><li>Best for rate improvement</li></ul>","rewrite to $500K-$900K band or remove"
app\blog\home-equity-central-coast-guide-2026\page.tsx,321,context-dependent,"Carpinteria&apos;s $2.5 million median places most properties in jumbo territory; though the beach community&apos;s range ($1.2M to $5M+) means some homeowners qualify for conforming products. Based o","rewrite to $500K-$900K band or remove"
app\blog\home-equity-coronado-2026\page.tsx,43,context-dependent,"<tr><td className="py-2 px-4 border-b">Oceanfront</td><td className="py-2 px-4 border-b">$3M-$10M+</td><td className="py-2 px-4 border-b">Jumbo</td></tr>","rewrite to $500K-$900K band or remove"
app\blog\home-equity-coronado-2026\page.tsx,44,context-dependent,"<tr><td className="py-2 px-4 border-b">Coronado Village</td><td className="py-2 px-4 border-b">$2M-$5M</td><td className="py-2 px-4 border-b">Jumbo</td></tr>","rewrite to $500K-$900K band or remove"
app\blog\home-equity-coronado-2026\page.tsx,45,context-dependent,"<tr><td className="py-2 px-4 border-b">Historic District</td><td className="py-2 px-4 border-b">$2M-$6M</td><td className="py-2 px-4 border-b">Jumbo</td></tr>","rewrite to $500K-$900K band or remove"
app\blog\home-equity-coronado-2026\page.tsx,46,context-dependent,"<tr><td className="py-2 px-4">Coronado Cays</td><td className="py-2 px-4">$1.5M-$4M</td><td className="py-2 px-4">Jumbo</td></tr>","rewrite to $500K-$900K band or remove"
app\blog\home-equity-coronado-2026\page.tsx,59,context-dependent,"<ul><li>Replace first mortgage</li><li>Loan amounts to $5M+</li><li>Best for rate improvement</li></ul>","rewrite to $500K-$900K band or remove"
app\blog\home-equity-for-renovations-2026\page.tsx,172,already-ok,"<li>Luxury bathroom: 40-55%</li>","(keep — descriptive amenity/feature use)"
app\blog\home-equity-guide\page.tsx,718,context-dependent,"<li><strong>Vacations and Luxury Items:</strong> Borrowing against your home for depreciating experiences or items depletes equity without return</li>","judge per hit"
app\blog\home-equity-irvine-2026\page.tsx,43,context-dependent,"<tr><td className="py-2 px-4 border-b">Turtle Ridge</td><td className="py-2 px-4 border-b">$2M-$4M</td><td className="py-2 px-4 border-b">Jumbo</td></tr>","rewrite to $500K-$900K band or remove"
app\blog\home-equity-irvine-2026\page.tsx,44,context-dependent,"<tr><td className="py-2 px-4 border-b">Shady Canyon</td><td className="py-2 px-4 border-b">$3M-$8M</td><td className="py-2 px-4 border-b">Jumbo</td></tr>","rewrite to $500K-$900K band or remove"
app\blog\home-equity-manhattan-beach-2026\page.tsx,33,context-dependent,"Manhattan Beach homeowners have built exceptional equity in one of California's most desirable coastal markets. With median values around <strong>$3.2 million</strong> and premium areas reaching $15M+","rewrite to $500K-$900K band or remove"
app\blog\home-equity-manhattan-beach-2026\page.tsx,42,context-dependent,"<tr><td className="py-2 px-4 border-b">The Strand</td><td className="py-2 px-4 border-b">$5M-$15M+</td><td className="py-2 px-4 border-b">Super-jumbo</td></tr>","rewrite to $500K-$900K band or remove"
app\blog\home-equity-manhattan-beach-2026\page.tsx,43,context-dependent,"<tr><td className="py-2 px-4 border-b">Hill Section</td><td className="py-2 px-4 border-b">$4M-$8M</td><td className="py-2 px-4 border-b">Jumbo</td></tr>","rewrite to $500K-$900K band or remove"
app\blog\home-equity-manhattan-beach-2026\page.tsx,44,context-dependent,"<tr><td className="py-2 px-4 border-b">Tree Section</td><td className="py-2 px-4 border-b">$2.5M-$5M</td><td className="py-2 px-4 border-b">Jumbo</td></tr>","rewrite to $500K-$900K band or remove"
app\blog\home-equity-manhattan-beach-2026\page.tsx,45,context-dependent,"<tr><td className="py-2 px-4">Sand Section</td><td className="py-2 px-4">$3M-$7M</td><td className="py-2 px-4">Jumbo</td></tr>","rewrite to $500K-$900K band or remove"
app\blog\home-equity-manhattan-beach-2026\page.tsx,69,context-dependent,"<li><strong>Amounts:</strong> Up to $5M+</li>","rewrite to $500K-$900K band or remove"
app\blog\home-equity-mercer-island-wa-2026\page.tsx,169,context-dependent,"<p className="text-sm">Premium waterfront with homes $3M-$10M+. Jumbo equity products essential for accessing substantial equity.</p>","rewrite to $500K-$900K band or remove"
app\blog\home-equity-mercer-island-wa-2026\page.tsx,177,context-dependent,"<p className="text-sm">Convenient to I-90 bridge with homes $1.5M-$4M. Active equity market for renovations and investments.</p>","rewrite to $500K-$900K band or remove"
app\blog\home-equity-rancho-santa-fe-2026\page.tsx,43,context-dependent,"<tr><td className="py-2 px-4 border-b">The Covenant</td><td className="py-2 px-4 border-b">$4M-$20M+</td><td className="py-2 px-4 border-b">Super-jumbo</td></tr>","rewrite to $500K-$900K band or remove"
app\blog\home-equity-rancho-santa-fe-2026\page.tsx,44,context-dependent,"<tr><td className="py-2 px-4 border-b">Fairbanks Ranch</td><td className="py-2 px-4 border-b">$3M-$10M</td><td className="py-2 px-4 border-b">Jumbo</td></tr>","rewrite to $500K-$900K band or remove"
app\blog\home-equity-rancho-santa-fe-2026\page.tsx,45,context-dependent,"<tr><td className="py-2 px-4 border-b">Cielo</td><td className="py-2 px-4 border-b">$2.5M-$6M</td><td className="py-2 px-4 border-b">Jumbo</td></tr>","rewrite to $500K-$900K band or remove"
app\blog\home-equity-rancho-santa-fe-2026\page.tsx,46,context-dependent,"<tr><td className="py-2 px-4">Del Rayo Estates</td><td className="py-2 px-4">$2M-$5M</td><td className="py-2 px-4">Jumbo</td></tr>","rewrite to $500K-$900K band or remove"
app\blog\home-equity-rancho-santa-fe-2026\page.tsx,53,context-dependent,"<ul><li>Credit lines: $1M to $5M+</li><li>Designed for high-value properties</li><li>Specialized underwriting</li></ul>","rewrite to $500K-$900K band or remove"
app\blog\home-equity-rancho-santa-fe-2026\page.tsx,59,context-dependent,"<ul><li>Loan amounts to $10M+</li><li>Portfolio lender programs</li><li>Relationship banking options</li></ul>","rewrite to $500K-$900K band or remove"
app\blog\home-equity-refinancing-guide-2026\page.tsx,405,context-dependent,"<li><strong>Vacations or luxury items:</strong> Don't borrow against your home for depreciating assets</li>","judge per hit"
app\blog\home-equity-san-diego-guide-2026\page.tsx,306,context-dependent,"<td className="py-3 px-4 border-b">$200K - $5M+</td>","rewrite to $500K-$900K band or remove"
app\blog\home-equity-santa-monica-ca-2026\page.tsx,260,context-dependent,"<td className="py-2 px-4 border-b">$3M-$15M+</td>","rewrite to $500K-$900K band or remove"
app\blog\home-equity-santa-monica-ca-2026\page.tsx,266,context-dependent,"<td className="py-2 px-4 border-b">$2M-$4M</td>","rewrite to $500K-$900K band or remove"
app\blog\home-equity-santa-monica-ca-2026\page.tsx,351,context-dependent,"<td className="py-2 px-4 border-b">Up to $5M+</td>","rewrite to $500K-$900K band or remove"
app\blog\home-equity-sgv-pasadena-guide-2026\page.tsx,368,context-dependent,"<tr><td className="py-2 px-4 border-b font-medium">Jumbo Available</td><td className="py-2 px-4 border-b">Yes; to $3M+</td><td className="py-2 px-4 border-b">Yes; to $2M+</td><td className="py-2 px-4 ","rewrite to $500K-$900K band or remove"
app\blog\home-equity-ventura-county-guide-2026\page.tsx,390,context-dependent,"<td className="py-2 px-4 border-b">Up to $5M+</td>","rewrite to $500K-$900K band or remove"
app\blog\home-equity-washington-guide-2026\page.tsx,191,context-dependent,"<li><strong>Statewide Median Home Value:</strong> $650;000+ (ranges from $400K to $5M+ by city)</li>","rewrite to $500K-$900K band or remove"
app\blog\how-to-get-wholesale-mortgage-rates-california\page.tsx,488,context-dependent,"Financing above conforming limits. Wholesale advantage is significant here with access to 50+ jumbo lenders; loan amounts to $10M+; various documentation options (full doc; bank statement; asset deple","rewrite to $500K-$900K band or remove"
app\blog\interest-only-mortgage-loans-2026\page.tsx,70,context-dependent,"answer: 'Yes. Interest-only jumbo loans are widely available in California and Washington through wholesale mortgage channels. These states have high-cost housing markets where IO jumbos are a standar","rewrite to $500K-$900K band or remove"
app\blog\interest-only-mortgage-loans-2026\page.tsx,256,context-dependent,"<p className="mb-2"><strong>Loan Amounts:</strong> $250;000 to $5;000;000+</p>","rewrite to $500K-$900K band or remove"
app\blog\interest-only-mortgage-loans-2026\page.tsx,319,context-dependent,"Buyers in <strong>Newport Beach; Beverly Hills; Palo Alto; Bellevue; and Mercer Island</strong> frequently use IO jumbo loans for properties ranging from $1;500;000 to $10;000;000. At these price poin","rewrite to $500K-$900K band or remove"
app\blog\interest-only-mortgage-loans-2026\page.tsx,388,context-dependent,"<td className="border border-gray-300 px-4 py-3 font-medium">$5;000;000</td>","rewrite to $500K-$900K band or remove"
app\blog\interest-only-mortgage-loans-2026\page.tsx,488,context-dependent,"<td className="border border-gray-300 px-4 py-3">$5M+</td>","rewrite to $500K-$900K band or remove"
app\blog\interest-only-mortgage-loans-2026\page.tsx,548,context-dependent,"With a <strong>2026 conforming loan limit of $1;209;750</strong> in most high-cost California counties (Orange; Los Angeles; San Francisco; San Mateo; Santa Clara); any loan above this threshold requi","judge per hit"
app\blog\jumbo-heloc-california-2026\page.tsx,8,context-dependent,"description: 'Jumbo HELOCs in California provide home equity lines from $500K to $5M through wholesale broker access to portfolio lenders. 740+ credit; 60-70% max CLTV. 50+ Wholesale Lenders. NMLS #14","rewrite to $500K-$900K band or remove"
app\blog\jumbo-heloc-california-2026\page.tsx,12,context-dependent,"description: 'Jumbo HELOCs in California provide home equity lines from $500K to $5M through wholesale broker access to portfolio lenders. 740+ credit; 60-70% max CLTV. 50+ Wholesale Lenders.';","rewrite to $500K-$900K band or remove"
app\blog\jumbo-heloc-california-2026\page.tsx,200,context-dependent,"According to Mo Abdel; NMLS #1426884; California homeowners sitting on seven-figure equity need jumbo HELOC access that retail banks refuse to provide &mdash; wholesale broker channels unlock portfoli","rewrite to $500K-$900K band or remove"
app\blog\jumbo-heloc-california-2026\page.tsx,447,context-dependent,"Wholesale mortgage brokers maintain relationships with portfolio lenders &mdash; banks; credit unions; and private lending institutions that retain loans on their own balance sheets by design. These l","rewrite to $500K-$900K band or remove"
app\blog\jumbo-heloc-california-2026\page.tsx,661,context-dependent,"California homeowners with substantial equity face a structural barrier: retail banks cap HELOCs at $500;000; leaving hundreds of thousands &mdash; or millions &mdash; in accessible equity locked behi","rewrite to $500K-$900K band or remove"
app\blog\jumbo-loan-refinance-california-2026\page.tsx,511,context-dependent,"<td className="border border-gray-200 px-4 py-2">$3M&ndash;$10M+ (lender-specific)</td>","rewrite to $500K-$900K band or remove"
app\blog\jumbo-loan-refinance-california-2026\page.tsx,606,context-dependent,"<td className="border border-gray-200 px-4 py-2">$1;209;751&ndash;$10M+</td>","rewrite to $500K-$900K band or remove"
app\blog\jumbo-loan-refinance-california-2026\page.tsx,607,context-dependent,"<td className="border border-gray-200 px-4 py-2">$1;209;751&ndash;$5M+</td>","rewrite to $500K-$900K band or remove"
app\blog\jumbo-loan-requirements-california-washington-2026\page.tsx,83,context-dependent,"answer: 'A super-jumbo loan is an informal industry term for jumbo loans exceeding $2;000;000 to $3;000;000; depending on the lender definition. Super-jumbo loans have stricter qualification requireme","rewrite to $500K-$900K band or remove"
app\blog\jumbo-loan-requirements-california-washington-2026\page.tsx,248,context-dependent,"<li>Mo Abdel &rarr; accesses 50+ wholesale jumbo lenders with &rarr; loan amounts up to $10M+ for California and Washington borrowers</li>","rewrite to $500K-$900K band or remove"
app\blog\jumbo-loan-requirements-california-washington-2026\page.tsx,275,context-dependent,"<p className="mb-2"><strong>Max Loan Amount:</strong> $10M+ (select lenders)</p>","rewrite to $500K-$900K band or remove"
app\blog\jumbo-loan-requirements-california-washington-2026\page.tsx,485,context-dependent,"<h3>Tier 3: Super-Jumbo Loans $2;500;001 to $5;000;000</h3>","rewrite to $500K-$900K band or remove"
app\blog\jumbo-loan-requirements-california-washington-2026\page.tsx,520,context-dependent,"<th className="border border-gray-300 px-4 py-3 text-left font-bold">$2.5M-$5M</th>","rewrite to $500K-$900K band or remove"
app\blog\jumbo-loan-requirements-california-washington-2026\page.tsx,521,context-dependent,"<th className="border border-gray-300 px-4 py-3 text-left font-bold">$5M+</th>","rewrite to $500K-$900K band or remove"
app\blog\jumbo-loan-requirements-california-washington-2026\page.tsx,798,context-dependent,"<strong>Ready to explore jumbo loan options?</strong> Call <a href="tel:9495792057" className="text-blue-600 font-bold">(949) 579-2057</a> for a free consultation. I will analyze your financial profil","rewrite to $500K-$900K band or remove"
app\blog\jumbo-loans-orange-county-2026\page.tsx,142,context-dependent,""text": "Reserve requirements scale with loan amount. Loans of $1.15M-$2M require 6-12 months of PITIA. Loans of $2M-$5M require 12-18 months; and loans above $5M require 18-24 months."","rewrite to $500K-$900K band or remove"
app\blog\jumbo-loans-orange-county-2026\page.tsx,244,context-dependent,"In 2026; a <strong>jumbo loan</strong> in Orange County is defined as any mortgage that exceeds the conforming loan limit of <strong>$1;209;750</strong> for high-cost areas. For homebuyers in areas li","keep if geographic list; remove if positioning"
app\blog\jumbo-loans-orange-county-2026\page.tsx,378,context-dependent,"<td className="py-3 px-4 font-semibold">Newport Coast</td>","keep if geographic list; remove if positioning"
app\blog\jumbo-loans-orange-county-2026\page.tsx,476,context-dependent,"<td className="py-3 px-4">$5M+</td>","rewrite to $500K-$900K band or remove"
app\blog\jumbo-loans-orange-county-2026\page.tsx,611,context-dependent,"<td className="py-3 px-4 font-semibold">$2.5M-$5M</td>","rewrite to $500K-$900K band or remove"
app\blog\jumbo-loans-orange-county-2026\page.tsx,618,context-dependent,"<td className="py-3 px-4 font-semibold">$5M+</td>","rewrite to $500K-$900K band or remove"
app\blog\jumbo-loans-orange-county-2026\page.tsx,717,context-dependent,"<p className="text-gray-700 mb-0">Reserve requirements scale with loan amount. Loans of $1.15M-$2M typically require 6-12 months of PITIA (principal; interest; taxes; insurance; and assessments) in li","rewrite to $500K-$900K band or remove"
app\blog\jumbo-loans-orange-county-2026\page.tsx,738,context-dependent,"Financing a million-dollar-plus property requires more than just a pre-approval &mdash; it requires a strategic partnership with a broker who understands Orange County&apos;s jumbo market dynamics. Wh","keep if geographic list; remove if positioning"
app\blog\laguna-niguel-refinance-guide-2026\page.tsx,62,context-dependent,""text": "Common equity uses in Laguna Niguel include funding luxury backyard remodels (pools/outdoor kitchens); paying for private education; or consolidating higher-interest consumer debt like credit","judge per hit"
app\blog\laguna-niguel-refinance-guide-2026\page.tsx,120,context-dependent,"<strong>Luxury Outdoor Living:</strong> From resort-style pools to complete landscape redesigns that take advantage of Laguna Niguel's hill views.","judge per hit"
app\blog\laguna-niguel-refinance-guide-2026\page.tsx,185,context-dependent,"<p className="text-gray-600">Common equity uses in Laguna Niguel include funding luxury backyard remodels (pools/outdoor kitchens); paying for private education; or consolidating higher-interest consu","judge per hit"
app\blog\newport-beach-mortgage-guide-2026\page.tsx,67,context-dependent,"<li><strong>Diverse housing stock</strong> from Newport Coast estates to Balboa Peninsula beach homes</li>","keep if geographic list; remove if positioning"
app\blog\non-qm-loan-programs-complete-guide-2026\page.tsx,284,context-dependent,"<td className="border border-gray-300 px-3 py-2">$5M+</td>","rewrite to $500K-$900K band or remove"
app\blog\non-qm-loan-programs-complete-guide-2026\page.tsx,302,context-dependent,"<td className="border border-gray-300 px-3 py-2">$5M+</td>","rewrite to $500K-$900K band or remove"
app\blog\non-qm-loans-wholesale-broker\page.tsx,353,context-dependent,"<td className="py-2 px-4 border border-gray-300">$3M-$5M+</td>","rewrite to $500K-$900K band or remove"
app\blog\non-qm-loans-wholesale-broker\page.tsx,416,context-dependent,"<td className="py-2 px-4 border border-gray-300">$2M-$5M+</td>","rewrite to $500K-$900K band or remove"
app\blog\non-qm-loans-wholesale-broker\page.tsx,566,context-dependent,"Non-QM programs extend to jumbo loan amounts (above conforming limits). Wholesale brokers access jumbo non-QM lenders offering bank statement jumbo loans; asset depletion jumbo programs; and foreign n","rewrite to $500K-$900K band or remove"
app\blog\non-qm-profit-loss-loans-self-employed-2026\page.tsx,273,context-dependent,"<div className="text-3xl font-bold text-emerald-700 mb-1">Up to $5M</div>","rewrite to $500K-$900K band or remove"
app\blog\non-qm-profit-loss-loans-self-employed-2026\page.tsx,335,context-dependent,"<td className="py-3 px-4 text-blue-700 font-medium bg-blue-50">Up to $3M-$5M</td>","rewrite to $500K-$900K band or remove"
app\blog\non-qm-profit-loss-loans-self-employed-2026\page.tsx,336,context-dependent,"<td className="py-3 px-4 text-slate-600">Up to $3M-$5M</td>","rewrite to $500K-$900K band or remove"
app\blog\non-qm-profit-loss-loans-self-employed-2026\page.tsx,338,context-dependent,"<td className="py-3 px-4 text-slate-600">Up to $3M-$5M</td>","rewrite to $500K-$900K band or remove"
app\blog\non-qm-profit-loss-loans-self-employed-2026\page.tsx,602,context-dependent,"<li className="flex items-start gap-3"><CheckCircle2 className="w-5 h-5 text-emerald-600 mt-1 shrink-0" /> <span><strong>Loan amounts:</strong> $1M cap at some lenders; $3M at others; up to $5M at sel","rewrite to $500K-$900K band or remove"
app\blog\physician-mortgage-loans-wholesale-2026\page.tsx,344,context-dependent,"<td className="border border-gray-200 px-4 py-3 text-center">$2M-$10M+</td>","rewrite to $500K-$900K band or remove"
app\blog\proprietary-reverse-mortgage-2026\page.tsx,184,context-dependent,"<li><strong>Loan Amounts:</strong> Up to $4M+</li>","rewrite to $500K-$900K band or remove"
app\blog\proprietary-reverse-mortgage-2026\page.tsx,250,context-dependent,"<td className="py-3 px-4">$10M+ (varies)</td>","rewrite to $500K-$900K band or remove"
app\blog\proprietary-reverse-mortgage-2026\page.tsx,290,context-dependent,"<td className="py-3 px-4">Homes $1.5M-$10M+</td>","rewrite to $500K-$900K band or remove"
app\blog\proprietary-reverse-mortgage-2026\page.tsx,400,context-dependent,"<td className="py-2">$5;000;000</td>","rewrite to $500K-$900K band or remove"
app\blog\reverse-mortgage-age-62-requirements-2026\page.tsx,252,context-dependent,"<td className="border border-gray-200 px-4 py-3">Up to $4M+ (no FHA cap)</td>","rewrite to $500K-$900K band or remove"
app\blog\reverse-mortgage-arcadia-ca-2026\page.tsx,212,context-dependent,"<td className="px-4 py-3 border-t">$4M-$10M+ (varies by lender)</td>","rewrite to $500K-$900K band or remove"
app\blog\reverse-mortgage-arcadia-ca-2026\page.tsx,317,context-dependent,"<p className="text-sm mb-2">Arcadia&apos;s most prestigious neighborhood; featuring large lots; custom estates; and panoramic mountain views. Home values typically range from $2.5M to $5M+.</p>","rewrite to $500K-$900K band or remove"
app\blog\reverse-mortgage-arcadia-ca-2026\page.tsx,322,context-dependent,"<p className="text-sm mb-2">Exclusive gated community with homes ranging from $2M to $4M+. Known for privacy; security; and well-maintained common areas.</p>","rewrite to $500K-$900K band or remove"
app\blog\reverse-mortgage-calabasas-2026\page.tsx,39,context-dependent,"{ "@type": "Question"; "name": "How do reverse mortgages work for The Oaks properties?"; "acceptedAnswer": { "@type": "Answer"; "text": "The Oaks of Calabasas homes qualify for reverse mortgages. This","rewrite to $500K-$900K band or remove"
app\blog\reverse-mortgage-calabasas-2026\page.tsx,41,context-dependent,"{ "@type": "Question"; "name": "How much can Calabasas seniors access?"; "acceptedAnswer": { "@type": "Answer"; "text": "With median values around $2.2 million and many estates worth $5M+; qualified C","rewrite to $500K-$900K band or remove"
app\blog\reverse-mortgage-calabasas-2026\page.tsx,69,context-dependent,"<li><strong>Estate properties:</strong> Many homes worth $5M+</li>","rewrite to $500K-$900K band or remove"
app\blog\reverse-mortgage-calabasas-2026\page.tsx,80,context-dependent,"<tr><td className="py-2 px-4 border-b">The Oaks</td><td className="py-2 px-4 border-b">$3M-$10M+</td><td className="py-2 px-4 border-b">Proprietary/Jumbo</td></tr>","rewrite to $500K-$900K band or remove"
app\blog\reverse-mortgage-calabasas-2026\page.tsx,81,context-dependent,"<tr><td className="py-2 px-4 border-b">Calabasas Park Estates</td><td className="py-2 px-4 border-b">$2M-$5M</td><td className="py-2 px-4 border-b">Proprietary</td></tr>","rewrite to $500K-$900K band or remove"
app\blog\reverse-mortgage-calabasas-2026\page.tsx,83,context-dependent,"<tr><td className="py-2 px-4 border-b">Mountain View Estates</td><td className="py-2 px-4 border-b">$2M-$4M</td><td className="py-2 px-4 border-b">Proprietary</td></tr>","rewrite to $500K-$900K band or remove"
app\blog\reverse-mortgage-calabasas-2026\page.tsx,101,context-dependent,"<li><strong>Higher limits:</strong> Access equity on properties up to $10M+</li>","rewrite to $500K-$900K band or remove"
app\blog\reverse-mortgage-carlsbad-2026\page.tsx,80,context-dependent,"<tr><td className="py-2 px-4 border-b">Aviara</td><td className="py-2 px-4 border-b">$1.5M-$4M</td><td className="py-2 px-4 border-b">Proprietary/HECM</td></tr>","rewrite to $500K-$900K band or remove"
app\blog\reverse-mortgage-central-coast-guide-2026\page.tsx,426,context-dependent,"<tr><td className="py-2 px-4 border-b">Maximum Property Value Basis</td><td className="py-2 px-4 border-b">$1;209;750</td><td className="py-2 px-4 border-b">$10M+</td></tr>","rewrite to $500K-$900K band or remove"
app\blog\reverse-mortgage-central-coast-guide-2026\page.tsx,471,context-dependent,"<li><strong>High-value property expertise:</strong> Montecito estates and Santa Barbara waterfront properties require lenders who underwrite $5M+ properties. Mo Abdel&apos;s wholesale network includes","rewrite to $500K-$900K band or remove"
app\blog\reverse-mortgage-condo-requirements-2026\page.tsx,339,context-dependent,"<td className="border border-gray-300 px-4 py-2">$4M+ (varies by lender)</td>","rewrite to $500K-$900K band or remove"
app\blog\reverse-mortgage-coronado-2026\page.tsx,80,context-dependent,"<tr><td className="py-2 px-4 border-b">Oceanfront/Coronado Shores</td><td className="py-2 px-4 border-b">$1.5M-$5M+</td><td className="py-2 px-4 border-b">Proprietary</td></tr>","rewrite to $500K-$900K band or remove"
app\blog\reverse-mortgage-coronado-2026\page.tsx,81,context-dependent,"<tr><td className="py-2 px-4 border-b">Coronado Village</td><td className="py-2 px-4 border-b">$2M-$4M</td><td className="py-2 px-4 border-b">Proprietary</td></tr>","rewrite to $500K-$900K band or remove"
app\blog\reverse-mortgage-coronado-2026\page.tsx,82,context-dependent,"<tr><td className="py-2 px-4 border-b">Historic District</td><td className="py-2 px-4 border-b">$2M-$5M+</td><td className="py-2 px-4 border-b">Proprietary</td></tr>","rewrite to $500K-$900K band or remove"
app\blog\reverse-mortgage-couples-age-gap-younger-spouse-2026\page.tsx,498,context-dependent,"<td className="border border-gray-200 px-4 py-2">Up to $4M+ (lender dependent)</td>","rewrite to $500K-$900K band or remove"
app\blog\reverse-mortgage-del-mar-2026\page.tsx,148,context-dependent,"<tr><td className="py-2 px-4 border-b">Oceanfront</td><td className="py-2 px-4 border-b">$5M-$15M+</td><td className="py-2 px-4 border-b">Proprietary/Jumbo</td></tr>","rewrite to $500K-$900K band or remove"
app\blog\reverse-mortgage-del-mar-2026\page.tsx,149,context-dependent,"<tr><td className="py-2 px-4 border-b">Ocean View</td><td className="py-2 px-4 border-b">$3M-$6M</td><td className="py-2 px-4 border-b">Proprietary/Jumbo</td></tr>","rewrite to $500K-$900K band or remove"
app\blog\reverse-mortgage-del-mar-2026\page.tsx,150,context-dependent,"<tr><td className="py-2 px-4 border-b">Del Mar Village</td><td className="py-2 px-4 border-b">$2M-$4M</td><td className="py-2 px-4 border-b">Proprietary/Jumbo</td></tr>","rewrite to $500K-$900K band or remove"
app\blog\reverse-mortgage-fha-insurance-protection-2026\page.tsx,413,context-dependent,"<td className="border border-gray-300 px-4 py-2">Higher limits available (up to $4M+)</td>","rewrite to $500K-$900K band or remove"
app\blog\reverse-mortgage-inland-empire-guide-2026\page.tsx,349,context-dependent,"<tr><td className="py-2 px-4 border-b font-medium">Maximum Claim Amount</td><td className="py-2 px-4 border-b">$1;209;750</td><td className="py-2 px-4 border-b">$4;000;000+</td></tr>","rewrite to $500K-$900K band or remove"
app\blog\reverse-mortgage-issaquah-wa-2026\page.tsx,116,context-dependent,"<td className="px-4 py-3 border-t">$4M+ (varies by lender)</td>","rewrite to $500K-$900K band or remove"
app\blog\reverse-mortgage-kirkland-wa-2026\page.tsx,116,context-dependent,"<td className="px-4 py-3 border-t">$4M+ (varies by lender)</td>","rewrite to $500K-$900K band or remove"
app\blog\reverse-mortgage-la-westside-beach-guide-2026\page.tsx,235,context-dependent,"<li><strong>Jumbo Reverse Available:</strong> Yes; for homes valued up to $10M+</li>","rewrite to $500K-$900K band or remove"
app\blog\reverse-mortgage-manhattan-beach-2026\page.tsx,154,context-dependent,"<tr><td className="py-2 px-4 border-b">The Strand</td><td className="py-2 px-4 border-b">$5M-$15M+</td><td className="py-2 px-4 border-b">Proprietary/Jumbo</td></tr>","rewrite to $500K-$900K band or remove"
app\blog\reverse-mortgage-manhattan-beach-2026\page.tsx,155,context-dependent,"<tr><td className="py-2 px-4 border-b">Hill Section</td><td className="py-2 px-4 border-b">$4M-$8M+</td><td className="py-2 px-4 border-b">Proprietary/Jumbo</td></tr>","rewrite to $500K-$900K band or remove"
app\blog\reverse-mortgage-manhattan-beach-2026\page.tsx,156,context-dependent,"<tr><td className="py-2 px-4 border-b">Tree Section</td><td className="py-2 px-4 border-b">$2.5M-$5M</td><td className="py-2 px-4 border-b">Proprietary/Jumbo</td></tr>","rewrite to $500K-$900K band or remove"
app\blog\reverse-mortgage-manhattan-beach-2026\page.tsx,157,context-dependent,"<tr><td className="py-2 px-4 border-b">Sand Section</td><td className="py-2 px-4 border-b">$3M-$7M</td><td className="py-2 px-4 border-b">Proprietary/Jumbo</td></tr>","rewrite to $500K-$900K band or remove"
app\blog\reverse-mortgage-mercer-island-wa-2026\page.tsx,116,context-dependent,"<td className="px-4 py-3 border-t">$4M+ (varies by lender)</td>","rewrite to $500K-$900K band or remove"
app\blog\reverse-mortgage-mercer-island-wa-2026\page.tsx,185,context-dependent,"<p className="text-sm">Waterfront and view properties with homes from $2M-$8M+. Strong jumbo reverse mortgage demand.</p>","rewrite to $500K-$900K band or remove"
app\blog\reverse-mortgage-mercer-island-wa-2026\page.tsx,193,context-dependent,"<p className="text-sm">Near the I-90 bridge with easy Bellevue access. Mix of homes from $1.5M-$4M.</p>","rewrite to $500K-$900K band or remove"
app\blog\reverse-mortgage-rancho-santa-fe-2026\page.tsx,80,context-dependent,"<tr><td className="py-2 px-4 border-b">The Covenant</td><td className="py-2 px-4 border-b">$4M-$20M+</td><td className="py-2 px-4 border-b">Proprietary/Jumbo</td></tr>","rewrite to $500K-$900K band or remove"
app\blog\reverse-mortgage-rancho-santa-fe-2026\page.tsx,81,context-dependent,"<tr><td className="py-2 px-4 border-b">Fairbanks Ranch</td><td className="py-2 px-4 border-b">$3M-$10M</td><td className="py-2 px-4 border-b">Proprietary/Jumbo</td></tr>","rewrite to $500K-$900K band or remove"
app\blog\reverse-mortgage-rancho-santa-fe-2026\page.tsx,82,context-dependent,"<tr><td className="py-2 px-4 border-b">Cielo</td><td className="py-2 px-4 border-b">$2.5M-$6M</td><td className="py-2 px-4 border-b">Proprietary/Jumbo</td></tr>","rewrite to $500K-$900K band or remove"
app\blog\reverse-mortgage-rancho-santa-fe-2026\page.tsx,83,context-dependent,"<tr><td className="py-2 px-4 border-b">Del Rayo Estates</td><td className="py-2 px-4 border-b">$2M-$5M</td><td className="py-2 px-4 border-b">Proprietary/Jumbo</td></tr>","rewrite to $500K-$900K band or remove"
app\blog\reverse-mortgage-rancho-santa-fe-2026\page.tsx,84,context-dependent,"<tr><td className="py-2 px-4">Morgan Run</td><td className="py-2 px-4">$1.5M-$4M</td><td className="py-2 px-4">Proprietary/Jumbo</td></tr>","rewrite to $500K-$900K band or remove"
app\blog\reverse-mortgage-rancho-santa-fe-2026\page.tsx,92,context-dependent,"<li><strong>Higher loan limits:</strong> Access equity on properties up to $10M+</li>","rewrite to $500K-$900K band or remove"
app\blog\reverse-mortgage-redmond-wa-2026\page.tsx,116,context-dependent,"<td className="px-4 py-3 border-t">$4M+ (varies by lender)</td>","rewrite to $500K-$900K band or remove"
app\blog\reverse-mortgage-requirements-complete-2026\page.tsx,642,context-dependent,"<td className="px-4 py-3">$4M+ available</td>","rewrite to $500K-$900K band or remove"
app\blog\reverse-mortgage-sacramento-guide-2026\page.tsx,349,context-dependent,"<tr><td className="py-2 px-4 border-b font-medium">Maximum Claim Amount</td><td className="py-2 px-4 border-b">$1;209;750</td><td className="py-2 px-4 border-b">$4;000;000+</td></tr>","rewrite to $500K-$900K band or remove"
app\blog\reverse-mortgage-sammamish-wa-2026\page.tsx,116,context-dependent,"<td className="px-4 py-3 border-t">$4M+ (varies by lender)</td>","rewrite to $500K-$900K band or remove"
app\blog\reverse-mortgage-san-diego-guide-2026\page.tsx,384,context-dependent,"<td className="py-3 px-4 border-b">$4;000;000+</td>","rewrite to $500K-$900K band or remove"
app\blog\reverse-mortgage-santa-monica-ca-2026\page.tsx,208,context-dependent,"<td className="py-3 px-4">$3.5M - $15M+</td>","rewrite to $500K-$900K band or remove"
app\blog\reverse-mortgage-santa-monica-ca-2026\page.tsx,214,context-dependent,"<td className="py-3 px-4">$1.8M - $4M</td>","rewrite to $500K-$900K band or remove"
app\blog\reverse-mortgage-santa-monica-ca-2026\page.tsx,220,context-dependent,"<td className="py-3 px-4">$2M - $5M</td>","rewrite to $500K-$900K band or remove"
app\blog\reverse-mortgage-santa-monica-ca-2026\page.tsx,331,context-dependent,"<td className="py-3 px-4">$4M - $10M+</td>","rewrite to $500K-$900K band or remove"
app\blog\reverse-mortgage-sgv-pasadena-guide-2026\page.tsx,356,context-dependent,"<tr><td className="py-2 px-4 border-b font-medium">Maximum Claim Amount</td><td className="py-2 px-4 border-b">$1;209;750</td><td className="py-2 px-4 border-b">$4;000;000+</td></tr>","rewrite to $500K-$900K band or remove"
app\blog\reverse-mortgage-sgv-pasadena-guide-2026\page.tsx,438,context-dependent,"<li><strong>San Marino ($3M median):</strong> The Huntington Library neighborhood anchors the highest values. Estate lots of 15;000+ square feet with mature landscaping define the market. Proprietary ","rewrite to $500K-$900K band or remove"
app\blog\reverse-mortgage-ventura-county-guide-2026\page.tsx,447,context-dependent,"<tr><td className="py-2 px-4 border-b">Max Property Value Basis</td><td className="py-2 px-4 border-b">$1;209;750</td><td className="py-2 px-4 border-b">$4M+</td></tr>","rewrite to $500K-$900K band or remove"
app\blog\reverse-mortgage-washington-guide-2026\page.tsx,202,context-dependent,"<li><strong>Washington Median Home Value:</strong> $640;000+ statewide (varies $400K-$5M+ by city)</li>","rewrite to $500K-$900K band or remove"
app\blog\reverse-mortgage-washington-guide-2026\page.tsx,408,context-dependent,"<td className="px-4 py-3 border-t">$4M – $10M+ (varies by lender)</td>","rewrite to $500K-$900K band or remove"
app\blog\reverse-mortgages-california-guide\page.tsx,788,context-dependent,"<tr><td className="py-2 px-4 border-b">Maximum Home Value</td><td className="py-2 px-4 border-b">$1;209;750</td><td className="py-2 px-4 border-b">$4M+ with some lenders</td></tr>","rewrite to $500K-$900K band or remove"
app\blog\what-can-you-use-home-equity-for-2026\page.tsx,97,context-dependent,""text": "Avoid using a HELOC or home equity loan for: vacations or luxury purchases; day-to-day expenses; risky investments; covering ongoing spending problems; or any purchase you couldn't otherwise ","judge per hit"
app\blog\what-can-you-use-home-equity-for-2026\page.tsx,420,context-dependent,"<h4 className="font-semibold">Vacations or Luxury Purchases</h4>","judge per hit"
app\blog\what-can-you-use-home-equity-for-2026\page.tsx,524,context-dependent,"Avoid using a HELOC or home equity loan for vacations or luxury purchases; day-to-day","judge per hit"
app\blog\wholesale-mortgage-92603-irvine-turtle-rock-2026\page.tsx,142,context-dependent,"<tr><td className="py-2 px-4 border-b">Price Range</td><td className="py-2 px-4 border-b">$900K - $10M+</td></tr>","rewrite to $500K-$900K band or remove"
app\blog\wholesale-mortgage-92603-irvine-turtle-rock-2026\page.tsx,176,context-dependent,"<li>Loans up to $5M for Shady Canyon estates</li>","rewrite to $500K-$900K band or remove"
app\blog\wholesale-mortgage-92603-irvine-turtle-rock-2026\page.tsx,201,context-dependent,"<li>Loans from $1;149;826 to $5M+</li>","rewrite to $500K-$900K band or remove"
app\blog\wholesale-mortgage-92603-irvine-turtle-rock-2026\page.tsx,209,context-dependent,"<li>Self-employed jumbo up to $5M</li>","rewrite to $500K-$900K band or remove"
app\blog\wholesale-mortgage-92603-irvine-turtle-rock-2026\page.tsx,241,context-dependent,"Established hillside community with homes from $1.5M to $4M+. Known for top-rated schools and proximity to UCI. Mix of original homes and renovated properties. Strong demand for jumbo financing with s","rewrite to $500K-$900K band or remove"
app\blog\wholesale-mortgage-92603-irvine-turtle-rock-2026\page.tsx,246,context-dependent,"Gated community with homes from $3M to $10M+. Custom estates on large lots near the private Shady Canyon Golf Club. Asset depletion and bank statement programs popular among high-net-worth residents.","rewrite to $500K-$900K band or remove"
app\blog\wholesale-mortgage-broker-92603\page.tsx,15,context-dependent,"description: 'Irvine Turtle Rock wholesale mortgage broker with 50+ Wholesale Lenders for jumbo loans up to $10M+.';","rewrite to $500K-$900K band or remove"
app\blog\wholesale-mortgage-broker-92603\page.tsx,169,context-dependent,"<tr><td className="py-2 px-4 border-b font-semibold">Price Range</td><td className="py-2 px-4 border-b">$1;200;000 - $8;000;000+</td></tr>","rewrite to $500K-$900K band or remove"
app\blog\wholesale-mortgage-broker-92603\page.tsx,250,context-dependent,"<p className="text-sm text-gray-700 mb-0">Established hillside community with mature landscaping and canyon views. Homes from $1.5M-$4M near hiking trails and top schools.</p>","rewrite to $500K-$900K band or remove"
app\blog\wholesale-mortgage-broker-92603\page.tsx,254,context-dependent,"<p className="text-sm text-gray-700 mb-0">Guard-gated enclave with custom estates and golf course. Homes from $3M-$8M+ in Irvine&apos;s most exclusive address.</p>","rewrite to $500K-$900K band or remove"
app\blog\wholesale-mortgage-broker-92603\page.tsx,258,context-dependent,"<p className="text-sm text-gray-700 mb-0">Newer master-planned community with resort-style amenities. Homes from $1.8M-$4M with modern architecture and community pools.</p>","rewrite to $500K-$900K band or remove"
app\blog\wholesale-mortgage-broker-92624\page.tsx,153,context-dependent,"<tr><td className="py-2 px-4 border-b">Price Range</td><td className="py-2 px-4 border-b">$900K - $8M+</td></tr>","rewrite to $500K-$900K band or remove"
app\blog\wholesale-mortgage-broker-92624\page.tsx,174,context-dependent,"<li>Loan amounts from $1;209;750 to $5M+</li>","rewrite to $500K-$900K band or remove"
app\blog\wholesale-mortgage-broker-92624\page.tsx,183,context-dependent,"<li>Loans from $3M to $10M+ for beachfront estates</li>","rewrite to $500K-$900K band or remove"
app\blog\wholesale-mortgage-broker-92624\page.tsx,194,context-dependent,"<li>Up to $5M+ loan amounts</li>","rewrite to $500K-$900K band or remove"
app\blog\wholesale-mortgage-broker-92624\page.tsx,235,context-dependent,"The heart of 92624—beachfront and beach-close properties with direct sand access. Homes range from $1.2M to $6M+ depending on ocean proximity and views. Classic California beach cottages alongside mod","rewrite to $500K-$900K band or remove"
app\blog\wholesale-mortgage-broker-92624\page.tsx,240,context-dependent,"Dramatic clifftop neighborhood with panoramic ocean views. Homes typically $1.8M to $8M+. Larger lots and more contemporary architecture. Popular with buyers seeking privacy and views. Super jumbo pro","rewrite to $500K-$900K band or remove"
app\blog\wholesale-mortgage-broker-92653\page.tsx,175,context-dependent,"<tr><td className="py-2 px-4 border-b font-semibold">Price Range</td><td className="py-2 px-4 border-b">$500;000 - $5;000;000+</td></tr>","rewrite to $500K-$900K band or remove"
app\blog\wholesale-mortgage-broker-92675\page.tsx,153,context-dependent,"<tr><td className="py-2 px-4 border-b">Price Range</td><td className="py-2 px-4 border-b">$700K - $5M+</td></tr>","rewrite to $500K-$900K band or remove"
app\blog\wholesale-mortgage-broker-92675\page.tsx,174,context-dependent,"<li>Loan amounts from $1;209;750 to $5M+</li>","rewrite to $500K-$900K band or remove"
app\blog\wholesale-mortgage-broker-92675\page.tsx,193,context-dependent,"<li>Up to $5M+ loan amounts</li>","rewrite to $500K-$900K band or remove"
app\blog\wholesale-mortgage-broker-92675\page.tsx,244,context-dependent,"Established equestrian community with larger lots and horse properties. Prices range from $1.5M to $5M+ for premium estates. Specialized lenders comfortable with acreage and agricultural elements prov","rewrite to $500K-$900K band or remove"
app\blog\wholesale-mortgage-broker-92677\page.tsx,153,context-dependent,"<tr><td className="py-2 px-4 border-b">Price Range</td><td className="py-2 px-4 border-b">$700K - $4M+</td></tr>","rewrite to $500K-$900K band or remove"
app\blog\wholesale-mortgage-broker-92677\page.tsx,234,context-dependent,"Premier neighborhood with ocean views and larger custom homes. Prices range from $1.5M to $4M+. Jumbo financing expertise essential for this prestigious area. Close to Salt Creek Beach and top-rated s","rewrite to $500K-$900K band or remove"
app\blog\wholesale-mortgage-broker-california\page.tsx,89,context-dependent,""text": "California wholesale brokers offer conventional loans; jumbo loans up to $10M+; FHA and VA loans; bank statement loans for self-employed borrowers; DSCR loans for investors; asset depletion p","rewrite to $500K-$900K band or remove"
app\blog\wholesale-mortgage-broker-california\page.tsx,553,context-dependent,"<li><strong>Loan Amounts:</strong> $1;149;826 to $10M+ depending on lender</li>","rewrite to $500K-$900K band or remove"
app\blog\wholesale-mortgage-broker-california\page.tsx,968,context-dependent,"California wholesale brokers offer conventional loans; jumbo loans up to $10M+; FHA and VA loans; bank statement loans for self-employed borrowers; DSCR loans for investors; asset depletion programs; ","rewrite to $500K-$900K band or remove"
app\blog\wholesale-mortgage-broker-california-2026\page.tsx,592,context-dependent,"<p className="text-gray-700">Available programs include conventional conforming; jumbo (to $5M+); FHA; VA (including VA jumbo); bank statement; DSCR investor loans; asset depletion; foreign national; ","rewrite to $500K-$900K band or remove"
app\blog\wholesale-mortgage-broker-california-guide-2026\page.tsx,373,context-dependent,"<li>Loan amounts to $10M+</li>","rewrite to $500K-$900K band or remove"
app\blog\wholesale-mortgage-broker-california-pillar-2026\page.tsx,98,context-dependent,""text": "Wholesale brokers access the full spectrum: conventional loans up to $1;209;750; jumbo loans to $10M+; FHA with 3.5% down; VA with 0% down; bank statement loans for self-employed; DSCR for in","rewrite to $500K-$900K band or remove"
app\blog\wholesale-mortgage-broker-california-pillar-2026\page.tsx,138,context-dependent,""text": "The 2026 conforming loan limit for California high-cost areas is $1;209;750. Loans above this amount require jumbo financing. Wholesale brokers access 50+ jumbo lenders with limits up to $10M","rewrite to $500K-$900K band or remove"
app\blog\wholesale-mortgage-broker-california-pillar-2026\page.tsx,370,context-dependent,"<li>Loan amounts from $1;149;826 to $10M+</li>","rewrite to $500K-$900K band or remove"
app\blog\wholesale-mortgage-broker-california-pillar-2026\page.tsx,555,context-dependent,"<li>A few specialize in super jumbo ($5M+)</li>","rewrite to $500K-$900K band or remove"
app\blog\wholesale-mortgage-broker-california-pillar-2026\page.tsx,708,context-dependent,"Wholesale brokers access the full spectrum: conventional loans up to $1;209;750; jumbo loans to $10M+; FHA with 3.5% down; VA with 0% down; bank statement loans for self-employed; DSCR for investors; ","rewrite to $500K-$900K band or remove"
app\blog\wholesale-mortgage-broker-california-pillar-2026\page.tsx,733,context-dependent,"The 2026 conforming loan limit for California high-cost areas is $1;209;750. Loans above this threshold require jumbo financing. Wholesale brokers access 50+ jumbo lenders with limits up to $10M+. Sta","rewrite to $500K-$900K band or remove"
app\blog\wholesale-mortgage-broker-central-orange-county-2026\page.tsx,98,context-dependent,"Central Orange County represents the economic and cultural heart of the region—from Irvine&apos;s tech corridors and master-planned communities to Newport Beach&apos;s waterfront homes to Costa Mesa&a","rewrite to $500K-$900K band or remove"
app\blog\wholesale-mortgage-broker-central-orange-county-2026\page.tsx,107,context-dependent,"<li><strong>Communities Covered:</strong> Irvine; Newport Beach; Costa Mesa; Tustin; Newport Coast</li>","keep if geographic list; remove if positioning"
app\blog\wholesale-mortgage-broker-central-orange-county-2026\page.tsx,182,context-dependent,"<p className="text-sm mb-2">Established neighborhood near UCI $1.5M-$4M+. Larger lots; custom homes; established families. Premium jumbo territory.</p>","rewrite to $500K-$900K band or remove"
app\blog\wholesale-mortgage-broker-central-orange-county-2026\page.tsx,192,context-dependent,"<p className="text-sm mb-2">Gated community $3M-$15M+. Golf course; equestrian. Super-jumbo specialists required.</p>","rewrite to $500K-$900K band or remove"
app\blog\wholesale-mortgage-broker-central-orange-county-2026\page.tsx,193,context-dependent,"<p className="text-sm text-blue-700">Typical loan: $2M-$8M</p>","rewrite to $500K-$900K band or remove"
app\blog\wholesale-mortgage-broker-central-orange-county-2026\page.tsx,212,context-dependent,"Newport Beach represents Orange County&apos;s premier coastal market. From Balboa Island cottages to Newport Coast estates; virtually every purchase requires jumbo financing with many exceeding $5M.","rewrite to $500K-$900K band or remove"
app\blog\wholesale-mortgage-broker-central-orange-county-2026\page.tsx,212,context-dependent,"Newport Beach represents Orange County&apos;s premier coastal market. From Balboa Island cottages to Newport Coast estates; virtually every purchase requires jumbo financing with many exceeding $5M.","keep if geographic list; remove if positioning"
app\blog\wholesale-mortgage-broker-central-orange-county-2026\page.tsx,219,context-dependent,"<h4 className="font-semibold mb-2">Newport Coast (92657)</h4>","keep if geographic list; remove if positioning"
app\blog\wholesale-mortgage-broker-central-orange-county-2026\page.tsx,220,context-dependent,"<p className="text-sm mb-2">Ocean-view estates in Crystal Cove; Pelican Hill $4M-$30M+. Resort-adjacent high-value homes. Ultra-jumbo lending essential.</p>","rewrite to $500K-$900K band or remove"
app\blog\wholesale-mortgage-broker-central-orange-county-2026\page.tsx,221,context-dependent,"<p className="text-sm text-blue-700">Typical loan: $3M-$12M</p>","rewrite to $500K-$900K band or remove"
app\blog\wholesale-mortgage-broker-central-orange-county-2026\page.tsx,224,context-dependent,"<h4 className="font-semibold mb-2">Balboa Island (92662)</h4>","keep if geographic list; remove if positioning"
app\blog\wholesale-mortgage-broker-central-orange-county-2026\page.tsx,225,context-dependent,"<p className="text-sm mb-2">Charming beach cottages to waterfront $2M-$8M+. Island living; walking community. Unique property appraisals.</p>","rewrite to $500K-$900K band or remove"
app\blog\wholesale-mortgage-broker-central-orange-county-2026\page.tsx,226,context-dependent,"<p className="text-sm text-blue-700">Typical loan: $1.5M-$5M</p>","rewrite to $500K-$900K band or remove"
app\blog\wholesale-mortgage-broker-central-orange-county-2026\page.tsx,229,context-dependent,"<h4 className="font-semibold mb-2">Lido Isle (92663)</h4>","keep if geographic list; remove if positioning"
app\blog\wholesale-mortgage-broker-central-orange-county-2026\page.tsx,230,context-dependent,"<p className="text-sm mb-2">Private island community; waterfront $3M-$15M. Boat dock access; exclusive enclave. Premium jumbo rates.</p>","rewrite to $500K-$900K band or remove"
app\blog\wholesale-mortgage-broker-central-orange-county-2026\page.tsx,231,context-dependent,"<p className="text-sm text-blue-700">Typical loan: $2M-$8M</p>","rewrite to $500K-$900K band or remove"
app\blog\wholesale-mortgage-broker-central-orange-county-2026\page.tsx,235,context-dependent,"<p className="text-sm mb-2">Village charm with ocean proximity $2.5M-$12M+. Flower Streets; CdM village. Jumbo with diverse income options.</p>","rewrite to $500K-$900K band or remove"
app\blog\wholesale-mortgage-broker-central-orange-county-2026\page.tsx,236,context-dependent,"<p className="text-sm text-blue-700">Typical loan: $1.8M-$6M</p>","rewrite to $500K-$900K band or remove"
app\blog\wholesale-mortgage-broker-central-orange-county-2026\page.tsx,240,context-dependent,"<p className="text-sm mb-2">Established neighborhoods $1.8M-$4M. Bay views; family-oriented. Solid jumbo market.</p>","rewrite to $500K-$900K band or remove"
app\blog\wholesale-mortgage-broker-central-orange-county-2026\page.tsx,246,context-dependent,"<p className="text-sm text-blue-700">Typical loan: $1M-$8M</p>","rewrite to $500K-$900K band or remove"
app\blog\wholesale-mortgage-broker-central-orange-county-2026\page.tsx,342,context-dependent,"<tr><td className="px-3 py-2 border-t">92603</td><td className="px-3 py-2 border-t">Irvine (Turtle Rock/Shady Canyon)</td><td className="px-3 py-2 border-t">$2.2M</td><td className="px-3 py-2 border-t","rewrite to $500K-$900K band or remove"
app\blog\wholesale-mortgage-broker-central-orange-county-2026\page.tsx,350,context-dependent,"<tr><td className="px-3 py-2 border-t">92625</td><td className="px-3 py-2 border-t">Corona del Mar</td><td className="px-3 py-2 border-t">$3.5M</td><td className="px-3 py-2 border-t">$2.5M-$6M</td></t","rewrite to $500K-$900K band or remove"
app\blog\wholesale-mortgage-broker-central-orange-county-2026\page.tsx,353,context-dependent,"<tr><td className="px-3 py-2 border-t">92657</td><td className="px-3 py-2 border-t">Newport Coast</td><td className="px-3 py-2 border-t">$4.5M</td><td className="px-3 py-2 border-t">$3M-$10M</td></tr>","rewrite to $500K-$900K band or remove"
app\blog\wholesale-mortgage-broker-central-orange-county-2026\page.tsx,353,context-dependent,"<tr><td className="px-3 py-2 border-t">92657</td><td className="px-3 py-2 border-t">Newport Coast</td><td className="px-3 py-2 border-t">$4.5M</td><td className="px-3 py-2 border-t">$3M-$10M</td></tr>","keep if geographic list; remove if positioning"
app\blog\wholesale-mortgage-broker-central-orange-county-2026\page.tsx,355,context-dependent,"<tr><td className="px-3 py-2 border-t">92661</td><td className="px-3 py-2 border-t">Newport Beach (Peninsula)</td><td className="px-3 py-2 border-t">$3.2M</td><td className="px-3 py-2 border-t">$2M-$6","rewrite to $500K-$900K band or remove"
app\blog\wholesale-mortgage-broker-central-orange-county-2026\page.tsx,356,context-dependent,"<tr><td className="px-3 py-2 border-t">92662</td><td className="px-3 py-2 border-t">Balboa Island</td><td className="px-3 py-2 border-t">$3.8M</td><td className="px-3 py-2 border-t">$2.5M-$5M</td></tr","rewrite to $500K-$900K band or remove"
app\blog\wholesale-mortgage-broker-central-orange-county-2026\page.tsx,356,context-dependent,"<tr><td className="px-3 py-2 border-t">92662</td><td className="px-3 py-2 border-t">Balboa Island</td><td className="px-3 py-2 border-t">$3.8M</td><td className="px-3 py-2 border-t">$2.5M-$5M</td></tr","keep if geographic list; remove if positioning"
app\blog\wholesale-mortgage-broker-central-orange-county-2026\page.tsx,357,context-dependent,"<tr><td className="px-3 py-2 border-t">92663</td><td className="px-3 py-2 border-t">Lido Isle/Bay</td><td className="px-3 py-2 border-t">$4.0M</td><td className="px-3 py-2 border-t">$2.8M-$7M</td></tr","rewrite to $500K-$900K band or remove"
app\blog\wholesale-mortgage-broker-central-orange-county-2026\page.tsx,357,context-dependent,"<tr><td className="px-3 py-2 border-t">92663</td><td className="px-3 py-2 border-t">Lido Isle/Bay</td><td className="px-3 py-2 border-t">$4.0M</td><td className="px-3 py-2 border-t">$2.8M-$7M</td></tr","keep if geographic list; remove if positioning"
app\blog\wholesale-mortgage-broker-costa-mesa-2026\page.tsx,171,context-dependent,"<li>Super jumbo available for $2M; $3M; $5M+ loans</li>","rewrite to $500K-$900K band or remove"
app\blog\wholesale-mortgage-broker-dana-point-2026\page.tsx,76,context-dependent,""text": "Yes. Wholesale brokers access super jumbo programs up to $10M+ for Monarch Beach and Strand Beach high-value homes; including bank statement options for high-net-worth borrowers."","rewrite to $500K-$900K band or remove"
app\blog\wholesale-mortgage-broker-dana-point-2026\page.tsx,122,context-dependent,"<tr><td className="py-2 px-4 border-b">Price Range</td><td className="py-2 px-4 border-b">$800K - $15M+</td></tr>","rewrite to $500K-$900K band or remove"
app\blog\wholesale-mortgage-broker-dana-point-2026\page.tsx,136,context-dependent,"<li><strong>Super Jumbo Expertise:</strong> Loans up to $10M+ for high-value properties</li>","rewrite to $500K-$900K band or remove"
app\blog\wholesale-mortgage-broker-dana-point-2026\page.tsx,146,context-dependent,"<li>Loans above $1;209;750 up to $10M+</li>","rewrite to $500K-$900K band or remove"
app\blog\wholesale-mortgage-broker-dana-point-2026\page.tsx,155,context-dependent,"<li>Loans from $3M to $10M+ for Monarch Beach estates</li>","rewrite to $500K-$900K band or remove"
app\blog\wholesale-mortgage-broker-dana-point-2026\page.tsx,166,context-dependent,"<li>Up to $5M+ loan amounts</li>","rewrite to $500K-$900K band or remove"
app\blog\wholesale-mortgage-broker-dana-point-2026\page.tsx,203,context-dependent,"Gated community with oceanview estates. Homes range from $3M to $15M+. Super jumbo expertise essential—bank statement and asset-based programs popular with executives and business owners.","rewrite to $500K-$900K band or remove"
app\blog\wholesale-mortgage-broker-dana-point-2026\page.tsx,208,context-dependent,"Premier oceanfront living in South Orange County. Prices from $2M to $8M+. Jumbo and super jumbo loans dominate. Interest-only options valued by high-net-worth buyers.","rewrite to $500K-$900K band or remove"
app\blog\wholesale-mortgage-broker-dana-point-2026\page.tsx,218,context-dependent,"Beachfront community on the south end. Prices range from $1M to $4M+. Strong jumbo loan demand with mix of full-time residents and vacation homebuyers.","rewrite to $500K-$900K band or remove"
app\blog\wholesale-mortgage-broker-dana-point-2026\page.tsx,245,context-dependent,"Yes. Wholesale brokers access super jumbo programs up to $10M+ specifically suited for Monarch Beach and Strand Beach high-value estates; including bank statement options for high-net-worth borrowers ","rewrite to $500K-$900K band or remove"
app\blog\wholesale-mortgage-broker-east-bay-sf-2026\page.tsx,107,context-dependent,"text: 'Absolutely. Piedmont and Orinda home purchases in the $2M to $5M range require jumbo loan expertise. Wholesale access to multiple jumbo lenders means competitive rates on high-balance loans; wh","rewrite to $500K-$900K band or remove"
app\blog\wholesale-mortgage-broker-east-bay-sf-2026\page.tsx,784,context-dependent,"<td className="px-4 py-3 border-t">$5;000;000+</td>","rewrite to $500K-$900K band or remove"
app\blog\wholesale-mortgage-broker-east-bay-sf-2026\page.tsx,905,context-dependent,"<p>Absolutely. Piedmont and Orinda home purchases in the $2M to $5M range require jumbo loan expertise. Wholesale access to 50+ jumbo lenders means competitive rates on high-balance loans; which trans","rewrite to $500K-$900K band or remove"
app\blog\wholesale-mortgage-broker-huntington-beach-2026\page.tsx,122,context-dependent,"<tr><td className="py-2 px-4 border-b">Price Range</td><td className="py-2 px-4 border-b">$700K - $8M+</td></tr>","rewrite to $500K-$900K band or remove"
app\blog\wholesale-mortgage-broker-huntington-beach-2026\page.tsx,146,context-dependent,"<li>Loans above $1;209;750 up to $10M+</li>","rewrite to $500K-$900K band or remove"
app\blog\wholesale-mortgage-broker-huntington-beach-2026\page.tsx,202,context-dependent,"Waterfront living with boat docks and harbor views. Homes range from $1.5M to $5M+. Popular loan types: Jumbo; bank statement for business owners.","rewrite to $500K-$900K band or remove"
app\blog\wholesale-mortgage-broker-irvine-2026\page.tsx,30,context-dependent,"Irvine homebuyers access wholesale mortgage rates through Mo Abdel at Lumin Lending; with 50+ Wholesale Lenders for better rates than local banks. With a median home price around <strong>$1.5 million<","rewrite to $500K-$900K band or remove"
app\blog\wholesale-mortgage-broker-irvine-2026\page.tsx,41,context-dependent,"<tr><td className="py-2 px-4 border-b">Price Range</td><td className="py-2 px-4 border-b">$700K - $10M+</td></tr>","rewrite to $500K-$900K band or remove"
app\blog\wholesale-mortgage-broker-irvine-2026\page.tsx,62,context-dependent,"<li>Loans from $1.1M to $10M+</li>","rewrite to $500K-$900K band or remove"
app\blog\wholesale-mortgage-broker-irvine-2026\page.tsx,107,context-dependent,"<p><strong>Shady Canyon:</strong> Gated estates; $3M-$10M+. Popular loans: Super-jumbo; bank statement.</p>","rewrite to $500K-$900K band or remove"
app\blog\wholesale-mortgage-broker-irvine-2026\page.tsx,108,context-dependent,"<p><strong>Turtle Ridge:</strong> Ocean and canyon views; $2M-$4M. Popular loans: Jumbo.</p>","rewrite to $500K-$900K band or remove"
app\blog\wholesale-mortgage-broker-la-westside-beach-2026\page.tsx,100,context-dependent,"text: 'Wholesale brokers offer every mortgage type: conventional conforming; jumbo (up to $10M+); FHA; VA; USDA; bank statement; asset depletion; DSCR (investment property); reverse mortgages; HELOCs;","rewrite to $500K-$900K band or remove"
app\blog\wholesale-mortgage-broker-la-westside-beach-2026\page.tsx,326,context-dependent,"<td className="px-4 py-3 border-t">$2M-$4M+ jumbo purchase/refi</td>","rewrite to $500K-$900K band or remove"
app\blog\wholesale-mortgage-broker-la-westside-beach-2026\page.tsx,487,context-dependent,"<td className="px-4 py-3 border-t">$3M - $10M+ (varies by lender)</td>","rewrite to $500K-$900K band or remove"
app\blog\wholesale-mortgage-broker-la-westside-beach-2026\page.tsx,651,context-dependent,"Wholesale brokers offer every mortgage type: conventional conforming; jumbo (up to $10M+); FHA; VA; USDA; bank statement; asset depletion; DSCR (investment property); reverse mortgages; HELOCs; HELOAN","rewrite to $500K-$900K band or remove"
app\blog\wholesale-mortgage-broker-los-angeles-guide-2026\page.tsx,268,context-dependent,"<a className="text-blue-600 hover:underline" href="/blog/wholesale-mortgage-broker-la-westside-luxury-2026">","judge per hit"
app\blog\wholesale-mortgage-broker-north-orange-county-2026\page.tsx,212,context-dependent,"<p className="text-sm mb-2">Equestrian-zoned with acreage $1.5M-$4M+. Unique appraisal needs for horse facilities; arenas; stables.</p>","rewrite to $500K-$900K band or remove"
app\blog\wholesale-mortgage-broker-orange-county\page.tsx,273,context-dependent,"<p className="font-semibold text-gray-900">Includes: Newport Beach; Laguna Beach; Huntington Beach; Dana Point; San Clemente; Corona del Mar; Newport Coast</p>","keep if geographic list; remove if positioning"
app\blog\wholesale-mortgage-broker-orange-county\page.tsx,274,context-dependent,"<p className="mb-0">Median Price Range: <strong>$1.5M - $4M+</strong> (varies significantly by specific area)</p>","rewrite to $500K-$900K band or remove"
app\blog\wholesale-mortgage-broker-orange-county\page.tsx,290,context-dependent,"<strong>Cities served:</strong> Newport Beach wholesale mortgage services; Laguna Beach wholesale mortgage broker; Huntington Beach mortgage rates; Dana Point home loans; San Clemente financing; Coron","keep if geographic list; remove if positioning"
app\blog\wholesale-mortgage-broker-orange-county-2026\page.tsx,147,context-dependent,"<li><strong>Super jumbo:</strong> $2M; $3M; $5M+ loan amounts available</li>","rewrite to $500K-$900K band or remove"
app\blog\wholesale-mortgage-broker-pasadena-corridor-2026\page.tsx,402,context-dependent,"<td className="px-4 py-3 border-t">$5M</td>","rewrite to $500K-$900K band or remove"
app\blog\wholesale-mortgage-broker-pasadena-corridor-2026\page.tsx,459,context-dependent,"<tr><td className="px-3 py-2 border-t">San Rafael</td><td className="px-3 py-2 border-t">$2M&ndash;$8M</td><td className="px-3 py-2 border-t">Hillside estates; custom homes</td><td className="px-3 py-","rewrite to $500K-$900K band or remove"
app\blog\wholesale-mortgage-broker-pasadena-corridor-2026\page.tsx,460,context-dependent,"<tr><td className="px-3 py-2 border-t">Linda Vista</td><td className="px-3 py-2 border-t">$1.5M&ndash;$4M</td><td className="px-3 py-2 border-t">Rose Bowl adjacent; estates</td><td className="px-3 py-","rewrite to $500K-$900K band or remove"
app\blog\wholesale-mortgage-broker-san-diego-2026\page.tsx,133,context-dependent,""text": "Wholesale brokers in San Diego offer the full spectrum: conventional conforming; jumbo (to $10M+); FHA; VA; bank statement; DSCR investment property; asset depletion; 1099-only; interest-only","rewrite to $500K-$900K band or remove"
app\blog\wholesale-mortgage-broker-san-diego-2026\page.tsx,362,context-dependent,"<td className="py-3 px-4 border-b">$2M - $4M+</td>","rewrite to $500K-$900K band or remove"
app\blog\wholesale-mortgage-broker-san-diego-2026\page.tsx,475,context-dependent,"<td className="py-3 px-4 border-b">Rancho Santa Fe retiree with $5M portfolio</td>","rewrite to $500K-$900K band or remove"
app\blog\wholesale-mortgage-broker-south-orange-county-2026\page.tsx,60,context-dependent,"text: 'Laguna Beach median home prices exceed $2.5 million; with oceanfront properties reaching $10M+. Typical loan amounts range from $1.5M to $4M; requiring jumbo products that wholesale brokers spe","rewrite to $500K-$900K band or remove"
app\blog\wholesale-mortgage-broker-south-orange-county-2026\page.tsx,111,context-dependent,"<li><strong>Region Median Price:</strong> $1.8 million (varies $1.2M-$10M+ by location)</li>","rewrite to $500K-$900K band or remove"
app\blog\wholesale-mortgage-broker-south-orange-county-2026\page.tsx,179,context-dependent,"<p className="text-sm mb-2">Resort community with St. Regis and Waldorf Astoria. Homes $2M-$15M+. Exclusively jumbo territory. Ultra-jumbo lenders required.</p>","rewrite to $500K-$900K band or remove"
app\blog\wholesale-mortgage-broker-south-orange-county-2026\page.tsx,180,context-dependent,"<p className="text-sm text-blue-700">Typical loan: $1.5M-$5M</p>","rewrite to $500K-$900K band or remove"
app\blog\wholesale-mortgage-broker-south-orange-county-2026\page.tsx,189,context-dependent,"<p className="text-sm mb-2">Beach town vibe with homes $1.2M-$4M. PCH access; surf culture. Mix of primary and vacation homes.</p>","rewrite to $500K-$900K band or remove"
app\blog\wholesale-mortgage-broker-south-orange-county-2026\page.tsx,194,context-dependent,"<p className="text-sm mb-2">Newer upscale development with ocean views $3M-$8M+. HOA-governed; architectural standards. Premium jumbo programs.</p>","rewrite to $500K-$900K band or remove"
app\blog\wholesale-mortgage-broker-south-orange-county-2026\page.tsx,195,context-dependent,"<p className="text-sm text-blue-700">Typical loan: $2M-$5M</p>","rewrite to $500K-$900K band or remove"
app\blog\wholesale-mortgage-broker-south-orange-county-2026\page.tsx,209,context-dependent,"Laguna Beach commands Orange County&apos;s highest prices outside Newport Coast; with a unique creative community and dramatic oceanfront settings. The combination of artistic heritage and high-value ","keep if geographic list; remove if positioning"
app\blog\wholesale-mortgage-broker-south-orange-county-2026\page.tsx,218,context-dependent,"<p className="text-sm text-blue-700">Typical loan: $2M-$8M</p>","rewrite to $500K-$900K band or remove"
app\blog\wholesale-mortgage-broker-south-orange-county-2026\page.tsx,222,context-dependent,"<p className="text-sm mb-2">Historic cottages to modern condos $1.5M-$5M. Artist community; galleries; walkable. Mixed income documentation needs.</p>","rewrite to $500K-$900K band or remove"
app\blog\wholesale-mortgage-broker-south-orange-county-2026\page.tsx,227,context-dependent,"<p className="text-sm mb-2">Three Arch Bay; Emerald Bay gated communities $4M-$25M+. Private beach access; exclusive jumbo programs.</p>","rewrite to $500K-$900K band or remove"
app\blog\wholesale-mortgage-broker-south-orange-county-2026\page.tsx,228,context-dependent,"<p className="text-sm text-blue-700">Typical loan: $3M-$10M</p>","rewrite to $500K-$900K band or remove"
app\blog\wholesale-mortgage-broker-south-orange-county-2026\page.tsx,251,context-dependent,"<li><strong>Niguel Shores:</strong> Gated community near Salt Creek Beach $1.5M-$4M</li>","rewrite to $500K-$900K band or remove"
app\blog\wholesale-mortgage-broker-south-orange-county-2026\page.tsx,289,context-dependent,"<p className="text-sm mb-2">Beachfront and blufftop estates $3M-$15M+. Nixon&apos;s Western White House area. Jumbo loans.</p>","rewrite to $500K-$900K band or remove"
app\blog\wholesale-mortgage-broker-south-orange-county-2026\page.tsx,290,context-dependent,"<p className="text-sm text-blue-700">Typical loan: $2M-$6M</p>","rewrite to $500K-$900K band or remove"
app\blog\wholesale-mortgage-broker-south-orange-county-2026\page.tsx,310,context-dependent,"<li><strong>Meredith Canyon:</strong> Equestrian properties with land $1.5M-$4M+</li>","rewrite to $500K-$900K band or remove"
app\blog\wholesale-mortgage-broker-south-orange-county-2026\page.tsx,330,context-dependent,"<tr><td className="px-3 py-2 border-t">92629</td><td className="px-3 py-2 border-t">Dana Point/Monarch Beach</td><td className="px-3 py-2 border-t">$1.8M</td><td className="px-3 py-2 border-t">$1.2M-$","rewrite to $500K-$900K band or remove"
app\blog\wholesale-mortgage-broker-south-orange-county-2026\page.tsx,331,context-dependent,"<tr><td className="px-3 py-2 border-t">92651</td><td className="px-3 py-2 border-t">Laguna Beach</td><td className="px-3 py-2 border-t">$2.8M</td><td className="px-3 py-2 border-t">$1.5M-$6M+</td></tr","rewrite to $500K-$900K band or remove"
app\blog\wholesale-mortgage-broker-south-orange-county-2026\page.tsx,358,context-dependent,"<p>Laguna Beach median home prices exceed $2.5 million; with oceanfront properties reaching $10M+. Typical loan amounts range from $1.5M to $4M; requiring jumbo products that wholesale brokers special","rewrite to $500K-$900K band or remove"
app\blog\wholesale-mortgage-broker-tustin-2026\page.tsx,155,context-dependent,"<li>Loans above $1;209;750 up to $5M+</li>","rewrite to $500K-$900K band or remove"
app\blog\wholesale-mortgage-broker-washington-2026\page.tsx,324,context-dependent,"<td className="px-4 py-3 border-t">$2M – $5M+</td>","rewrite to $500K-$900K band or remove"
app\blog\wholesale-mortgage-broker-washington-2026\page.tsx,553,context-dependent,"<td className="px-4 py-3 border-t">Loans above conforming limit; up to $10M+</td>","rewrite to $500K-$900K band or remove"
app\blog\wholesale-mortgage-broker-yorba-linda\page.tsx,135,context-dependent,""text": "Super jumbo loans for properties above $2 million are available through wholesale broker networks. These specialty lenders offer financing for $2M; $3M; $5M; and even higher loan amounts—esse","rewrite to $500K-$900K band or remove"
app\blog\wholesale-mortgage-broker-yorba-linda\page.tsx,232,context-dependent,"<p className="text-blue-600 font-bold">$2;500;000 - $5;000;000+</p>","rewrite to $500K-$900K band or remove"
app\blog\wholesale-mortgage-broker-yorba-linda\page.tsx,531,context-dependent,"<tr><td className="py-3 px-4 border-b font-semibold">Super Jumbo Access</td><td className="py-3 px-4 border-b">Limited or none</td><td className="py-3 px-4 border-b text-blue-700">Multiple $2M-$5M+ op","rewrite to $500K-$900K band or remove"
app\blog\wholesale-mortgage-broker-yorba-linda-2026\page.tsx,121,context-dependent,"<tr><td className="py-2 px-4 border-b">Black Gold Estates</td><td className="py-2 px-4 border-b">$2M - $5M+</td><td className="py-2 px-4 border-b">Super Jumbo</td></tr>","rewrite to $500K-$900K band or remove"
app\blog\wholesale-mortgage-broker-yorba-linda-2026\page.tsx,141,context-dependent,"<li><strong>Super jumbo options</strong> for $2M; $3M; $5M+ loans</li>","rewrite to $500K-$900K band or remove"
app\blog\wholesale-mortgage-broker-yorba-linda-2026\page.tsx,214,context-dependent,"Yorba Linda's most prestigious neighborhood featuring custom estates on large lots. Super jumbo financing ($2M-$5M+) often required. Many buyers are business owners who benefit from bank statement pro","rewrite to $500K-$900K band or remove"
app\blog\wholesale-mortgage-jumbo-loan-pricing-2026\page.tsx,405,context-dependent,"<td className="border border-gray-300 px-4 py-3 font-medium">$3;000;001&ndash;$5;000;000</td>","rewrite to $500K-$900K band or remove"
app\blog\wholesale-mortgage-jumbo-loan-pricing-2026\page.tsx,560,context-dependent,"High-net-worth borrowers with substantial liquid assets qualify by dividing total assets by the loan term to calculate qualifying income. A borrower with $4;000;000 in liquid assets dividing by 360 mo","rewrite to $500K-$900K band or remove"
app\blog\wholesale-mortgage-jumbo-loan-pricing-2026\page.tsx,693,context-dependent,"As a <strong>wholesale mortgage broker licensed in California and Washington</strong>; I run jumbo pricing comparisons across 50+ Wholesale Lenders for every borrower. This is not a theoretical proces","rewrite to $500K-$900K band or remove"
app\blog\wholesale-mortgage-lender-network-2026\page.tsx,541,context-dependent,"<p className="text-slate-600">Directed to lenders with competitive jumbo pricing for the specific loan amount; LTV; and property location. Jumbo guidelines vary significantly: some lenders cap at $2M ","rewrite to $500K-$900K band or remove"
app\blog\wholesale-mortgage-renovation-203k-2026\page.tsx,74,context-dependent,"answer: 'The HomeStyle loan is a conventional renovation mortgage that finances purchase or refinance plus renovations in one loan. It allows luxury improvements like pools and landscaping that FHA 20","judge per hit"
app\blog\wholesale-mortgage-renovation-203k-2026\page.tsx,260,context-dependent,"<li><strong>Fannie Mae HomeStyle</strong> &rarr; allows luxury improvements (pools; landscaping) &rarr; no mortgage insurance required with 20% equity</li>","judge per hit"
app\blog\wholesale-mortgage-renovation-203k-2026\page.tsx,313,context-dependent,"<td className="p-3 font-medium text-gray-900">Luxury Upgrades</td>","judge per hit"
app\blog\wholesale-mortgage-renovation-203k-2026\page.tsx,371,context-dependent,"including luxury improvements that FHA prohibits — swimming pools; outdoor kitchens; detached structures; and","judge per hit"
app\blog\wholesale-mortgage-renovation-203k-2026\page.tsx,721,context-dependent,"<td className="p-3 text-gray-700">Luxury upgrades (pool; outdoor kitchen)</td>","judge per hit"
app\blog\wholesale-mortgage-renovation-203k-2026\page.tsx,723,context-dependent,"<td className="p-3 text-gray-700">Luxury improvements permitted; no MIP with 20% equity</td>","judge per hit"
app\blog\wholesale-mortgage-renovation-203k-2026\page.tsx,881,context-dependent,"you need an FHA 203k for a full structural rehabilitation; a HomeStyle loan for a luxury remodel; or a","judge per hit"
app\blog\wholesale-mortgage-seller-concessions-credits-2026\page.tsx,778,context-dependent,"<p className="mb-0"><strong>Seller concessions occur in approximately 25-35% of purchase transactions in California and Washington; with frequency varying by market conditions and price range.</strong","judge per hit"
app\guides\definitive-orange-county-mortgage-guide\page.tsx,82,context-dependent,"maxAmount: "$10M+";","rewrite to $500K-$900K band or remove"
app\guides\orange-county-home-buyer-guide\page.tsx,53,context-dependent,"priceRange: '$2M - $10M+';","rewrite to $500K-$900K band or remove"
app\guides\orange-county-jumbo-loans\page.tsx,31,context-dependent,"areaServedNames: ['Newport Coast'; 'Newport Beach'; 'Laguna Beach'; 'Corona del Mar'; 'Irvine'; 'Coto de Caza'];","keep if geographic list; remove if positioning"
app\guides\orange-county-jumbo-loans\page.tsx,45,context-dependent,"{ question: 'Which Orange County areas require jumbo loans?'; answer: 'Newport Coast (95% of purchases); Balboa Island (90%); Laguna Beach (85%); Corona del Mar (80%); Turtle Rock in Irvine (70%); and","keep if geographic list; remove if positioning"
app\guides\orange-county-jumbo-loans\page.tsx,51,context-dependent,"area: "Newport Coast";","keep if geographic list; remove if positioning"
app\guides\orange-county-jumbo-loans\page.tsx,59,context-dependent,"area: "Newport Beach (Balboa Island)";","keep if geographic list; remove if positioning"
app\guides\orange-county-jumbo-loans\page.tsx,61,context-dependent,"priceRange: "$2M - $15M";","rewrite to $500K-$900K band or remove"
app\guides\orange-county-jumbo-loans\page.tsx,69,context-dependent,"priceRange: "$1.8M - $12M";","rewrite to $500K-$900K band or remove"
app\guides\orange-county-jumbo-loans\page.tsx,77,context-dependent,"priceRange: "$1.5M - $8M";","rewrite to $500K-$900K band or remove"
app\guides\orange-county-jumbo-loans\page.tsx,85,context-dependent,"priceRange: "$1.3M - $5M";","rewrite to $500K-$900K band or remove"
app\guides\orange-county-jumbo-loans\page.tsx,86,already-ok,"features: ["Gated community"; "Golf course"; "Luxury amenities"];","(keep — descriptive amenity/feature use)"
app\guides\orange-county-jumbo-loans\page.tsx,93,context-dependent,"priceRange: "$1.26M - $4M";","rewrite to $500K-$900K band or remove"
app\guides\orange-county-school-districts\page.tsx,45,context-dependent,"{ question: 'What loan types work best for school district homes in Orange County?'; answer: 'Conventional loans cover homes up to $1;209;750; jumbo loans serve high-cost districts like Laguna Beach a","keep if geographic list; remove if positioning"
app\guides\orange-county-school-districts\page.tsx,63,context-dependent,"neighborhoods: ["Newport Coast"; "Corona del Mar"; "Eastbluff"];","keep if geographic list; remove if positioning"
app\guides\orange-county-school-districts\page.tsx,338,context-dependent,"<p className="text-slate-600">For high-cost districts like Laguna Beach and Newport Coast</p>","keep if geographic list; remove if positioning"
app\jumbo-loans-orange-county\page.tsx,415,context-dependent,"<li>• Loan amounts up to $5M+ (qualified borrowers)</li>","rewrite to $500K-$900K band or remove"
app\loan-programs\asset-depletion-loans\page.tsx,81,context-dependent,"<p className="text-slate-600">Up to $5M for qualified high net worth borrowers</p>","rewrite to $500K-$900K band or remove"
app\loan-programs\asset-depletion-loans\page.tsx,273,context-dependent,"<span className="font-semibold">Up to $5;000;000</span>","rewrite to $500K-$900K band or remove"
app\loan-programs\asset-depletion-loans\page.tsx,364,context-dependent,"<span className="font-semibold">$2M - $5M</span>","rewrite to $500K-$900K band or remove"
app\loan-programs\asset-depletion-loans\page.tsx,372,context-dependent,"<span className="font-semibold">$1.5M - $4M</span>","rewrite to $500K-$900K band or remove"
app\loan-programs\fix-flip-loans\page.tsx,181,context-dependent,"<span className="font-semibold">$100K - $5M</span>","rewrite to $500K-$900K band or remove"
app\loan-programs\heloan\page.tsx,292,context-dependent,"<p className="text-slate-600 mb-3">RVs; boats; luxury vehicles; or other large purchases with Better pricing than auto loans.</p>","judge per hit"
app\loan-programs\jumbo-loans\page.tsx,183,context-dependent,"<p className="text-slate-600 mb-3">Finance any Orange County property above the conforming limit. From $800K Newport Beach condos to $5M Laguna Beach estates.</p>","rewrite to $500K-$900K band or remove"
app\neighborhood-guide\irvine-vs-newport-beach-home-buying-guide\page.tsx,159,already-ok,"<li>• <strong>Luxury amenities:</strong> High-end shopping; dining; entertainment</li>","(keep — descriptive amenity/feature use)"
app\neighborhood-guide\irvine-vs-newport-beach-home-buying-guide\page.tsx,261,context-dependent,"<p className="text-sm text-slate-600">Village feel; top schools; beach proximity. $2.5M-$8M+</p>","rewrite to $500K-$900K band or remove"
app\neighborhood-guide\irvine-vs-newport-beach-home-buying-guide\page.tsx,264,context-dependent,"<h4 className="font-semibold">Newport Coast</h4>","keep if geographic list; remove if positioning"
app\neighborhood-guide\irvine-vs-newport-beach-home-buying-guide\page.tsx,265,context-dependent,"<p className="text-sm text-slate-600">Gated communities; ocean views. $3M-$15M+</p>","rewrite to $500K-$900K band or remove"
app\neighborhood-guide\irvine-vs-newport-beach-home-buying-guide\page.tsx,269,context-dependent,"<p className="text-sm text-slate-600">Beachfront living; older homes. $1.5M-$5M</p>","rewrite to $500K-$900K band or remove"
app\neighborhood-guide\irvine-vs-newport-beach-home-buying-guide\page.tsx,273,context-dependent,"<p className="text-sm text-slate-600">Bay front homes; boating community. $2M-$6M</p>","rewrite to $500K-$900K band or remove"
app\neighborhood-guide\orange-county-neighborhoods-comparison-guide\page.tsx,330,context-dependent,"<h3 className="text-xl font-semibold mb-4">Luxury ($2M+)</h3>","judge per hit"
app\non-qm-loans-orange-county\page.tsx,132,context-dependent,"answer: 'Non-QM loans can go well above traditional conforming limits; often up to $5M or more depending on the lender and your qualification factors.'","rewrite to $500K-$900K band or remove"
app\non-qm-loans-orange-county\page.tsx,264,context-dependent,"<span className="text-xl font-bold text-blue-600">Up to $5M+</span>","rewrite to $500K-$900K band or remove"
app\reverse-mortgages\jumbo-hecm-prop19-guide\page.tsx,49,context-dependent,"['Max Home Value'; '$1;209;750 (FHA limit)'; 'Up to $10;000;000'; 'No limit'];","rewrite to $500K-$900K band or remove"
app\reverse-mortgages\jumbo-hecm-prop19-guide\page.tsx,101,context-dependent,"['$5;000;000'; '$2;100;000'; '$2;600;000'; '$2;600;000'; '$2;900;000'];","rewrite to $500K-$900K band or remove"
app\reverse-mortgages\jumbo-hecm-prop19-guide\page.tsx,329,context-dependent,"maxLoanAmount="$4;000;000"","rewrite to $500K-$900K band or remove"
app\reverse-mortgages\page.tsx,593,context-dependent,"<li><strong>Orange County:</strong> Newport Beach; Laguna Beach; Newport Coast; Corona del Mar</li>","keep if geographic list; remove if positioning"
app\wholesale-mortgage-broker-california\200-lender-advantage\page.tsx,410,context-dependent,"<li>Higher loan amounts ($3M-$10M+)</li>","rewrite to $500K-$900K band or remove"
app\wholesale-mortgage-broker-california\bank-statement-loans-wholesale\page.tsx,189,context-dependent,"<li><strong>Maximum loan amounts:</strong> $1M to $5M+</li>","rewrite to $500K-$900K band or remove"
app\wholesale-mortgage-broker-california\non-qm-loans-wholesale\page.tsx,527,context-dependent,"<li><strong>Loan amounts:</strong> Most programs go to $2-3M; some to $5M+</li>","rewrite to $500K-$900K band or remove"
app\wholesale-mortgage-broker-california\page.tsx,309,context-dependent,"<li>Loan amounts to $10M+</li>","rewrite to $500K-$900K band or remove"
app\wholesale-mortgage-broker-california\self-employed-mortgage-broker\page.tsx,364,context-dependent,"<td className="px-4 py-2 border-b">$5M+</td>","rewrite to $500K-$900K band or remove"
lib\all-blog-posts.ts,1115,context-dependent,"excerpt: 'Jumbo HELOC options in California from $500K to $5M. Most banks cap at $500K — wholesale brokers access portfolio lenders with higher limits for affluent homeowners in Orange County; Bay Are","rewrite to $500K-$900K band or remove"
lib\all-blog-posts.ts,2176,context-dependent,"title: 'Wholesale Mortgage Broker 92662 | Balboa Island Jumbo Loan Specialists';","keep if geographic list; remove if positioning"
lib\all-blog-posts.ts,2177,context-dependent,"excerpt: 'Balboa Island wholesale mortgage broker serving 92662. Access 50+ Wholesale Lenders for jumbo loans; second home financing & better rates.';","keep if geographic list; remove if positioning"
lib\chatbot-data.ts,77,context-dependent,"keywords: ["jumbo"; "luxury"; "high"; "million"; "refinance"];","judge per hit"
lib\intentTracking.ts,46,context-dependent,"patterns: ['jumbo'; 'luxury'];","judge per hit"
lib\navigation-data.ts,117,context-dependent,"{ title: 'Lido Isle'; url: '/areas/newport-beach-neighborhoods/lido-isle-mortgage-broker' };","keep if geographic list; remove if positioning"
lib\navigation-data.ts,119,context-dependent,"{ title: 'Newport Coast'; url: '/areas/newport-beach-neighborhoods/newport-coast-mortgage-broker' };","keep if geographic list; remove if positioning"
lib\navigation-data.ts,120,context-dependent,"{ title: 'Balboa Island'; url: '/areas/newport-beach-neighborhoods/balboa-island-mortgage-broker' };","keep if geographic list; remove if positioning"
lib\navigation-data.ts,152,context-dependent,"{ title: 'Waterfront Homes'; url: '/luxury-markets/waterfront-homes-mortgage-broker' };","judge per hit"
lib\navigation-data.ts,153,context-dependent,"{ title: 'Golf Course Homes'; url: '/luxury-markets/golf-course-homes-mortgage-broker' };","judge per hit"
